fold,model,validation_mae,test_mae,test_rmse,test_mae_improvement_vs_naive_pct,test_return_r2_vs_zero,test_direction_accuracy
1,naive,2.484900,2.620800,3.549075,0.000000,0.000000,
1,ridge-close,2.471936,2.614582,3.556845,0.237244,-0.001713,0.500000
1,ridge-ohlcv,2.488234,2.588757,3.515286,1.222649,0.021519,0.490000
1,gbdt-close,2.583698,2.550516,3.411898,2.681779,0.078613,0.640000
1,gbdt-ohlcv,2.601531,2.552899,3.427810,2.590868,0.071125,0.600000
2,naive,2.620800,3.240500,5.209935,0.000000,0.000000,
2,ridge-close,2.616413,3.244904,5.202689,-0.135919,0.003767,0.550000
2,ridge-ohlcv,2.589010,3.292734,5.311498,-1.611910,-0.042724,0.470000
2,gbdt-close,2.606914,3.296018,5.148482,-1.713261,0.005701,0.530000
2,gbdt-ohlcv,2.564643,3.422574,5.311026,-5.618699,-0.048579,0.460000
3,naive,3.240500,2.239900,3.143076,0.000000,0.000000,
3,ridge-close,3.235394,2.238225,3.137432,0.074790,0.005004,0.540000
3,ridge-ohlcv,3.316195,2.314367,3.198744,-3.324546,-0.033206,0.440000
3,gbdt-close,3.224696,2.186965,3.052726,2.363283,0.061134,0.560000
3,gbdt-ohlcv,3.364127,2.239969,3.083640,-0.003082,0.045037,0.500000
