ticker,fold,feature_set,lookback,seed,validation_correct_days,validation_days,validation_accuracy,validation_brier,test_correct_days,test_days,test_accuracy,test_brier,test_predicted_up_rate,baseline_correct_days,baseline_accuracy,best_epoch
GOOG,1,close-return,5,42,60,100,0.600000,0.245067,52,100,0.520000,0.249364,0.990000,51,0.510000,3
GOOG,1,close-return,5,123,60,100,0.600000,0.242782,51,100,0.510000,0.250288,1.000000,51,0.510000,5
GOOG,1,close-return,5,2026,60,100,0.600000,0.236756,53,100,0.530000,0.247527,0.760000,51,0.510000,17
GOOG,1,close-return,20,42,60,100,0.600000,0.245002,52,100,0.520000,0.249421,0.990000,51,0.510000,3
GOOG,1,close-return,20,123,60,100,0.600000,0.242754,51,100,0.510000,0.250234,1.000000,51,0.510000,5
GOOG,1,close-return,20,2026,61,100,0.610000,0.237141,56,100,0.560000,0.247433,0.770000,51,0.510000,16
GOOG,1,ohlcv,5,42,56,100,0.560000,0.239915,49,100,0.490000,0.261579,0.560000,51,0.510000,16
GOOG,1,ohlcv,5,123,61,100,0.610000,0.237244,47,100,0.470000,0.259532,0.580000,51,0.510000,10
GOOG,1,ohlcv,5,2026,51,100,0.510000,0.241331,49,100,0.490000,0.264256,0.600000,51,0.510000,10
GOOG,1,ohlcv,20,42,61,100,0.610000,0.238120,54,100,0.540000,0.256456,0.610000,51,0.510000,13
GOOG,1,ohlcv,20,123,61,100,0.610000,0.235488,51,100,0.510000,0.255385,0.640000,51,0.510000,10
GOOG,1,ohlcv,20,2026,57,100,0.570000,0.239578,51,100,0.510000,0.262119,0.640000,51,0.510000,11
GOOG,2,close-return,5,42,61,100,0.610000,0.246600,56,100,0.560000,0.241383,0.580000,56,0.560000,20
GOOG,2,close-return,5,123,56,100,0.560000,0.248619,62,100,0.620000,0.241447,0.720000,56,0.560000,15
GOOG,2,close-return,5,2026,60,100,0.600000,0.245547,60,100,0.600000,0.241034,0.580000,56,0.560000,18
GOOG,2,close-return,20,42,60,100,0.600000,0.245880,57,100,0.570000,0.241694,0.570000,56,0.560000,20
GOOG,2,close-return,20,123,59,100,0.590000,0.248627,63,100,0.630000,0.242293,0.690000,56,0.560000,15
GOOG,2,close-return,20,2026,61,100,0.610000,0.244158,62,100,0.620000,0.242118,0.640000,56,0.560000,20
GOOG,2,ohlcv,5,42,51,100,0.510000,0.249601,56,100,0.560000,0.246457,0.980000,56,0.560000,2
GOOG,2,ohlcv,5,123,55,100,0.550000,0.249426,57,100,0.570000,0.247249,0.850000,56,0.560000,2
GOOG,2,ohlcv,5,2026,52,100,0.520000,0.249702,56,100,0.560000,0.247713,1.000000,56,0.560000,2
GOOG,2,ohlcv,20,42,50,100,0.500000,0.249548,56,100,0.560000,0.246471,0.980000,56,0.560000,2
GOOG,2,ohlcv,20,123,56,100,0.560000,0.249330,58,100,0.580000,0.247185,0.860000,56,0.560000,2
GOOG,2,ohlcv,20,2026,52,100,0.520000,0.249539,56,100,0.560000,0.247473,1.000000,56,0.560000,2
GOOG,3,close-return,5,42,60,100,0.600000,0.240858,54,100,0.540000,0.247032,0.690000,55,0.550000,8
GOOG,3,close-return,5,123,66,100,0.660000,0.239623,49,100,0.490000,0.250421,0.680000,55,0.550000,15
GOOG,3,close-return,5,2026,62,100,0.620000,0.238521,52,100,0.520000,0.248674,0.610000,55,0.550000,17
GOOG,3,close-return,20,42,63,100,0.630000,0.241036,52,100,0.520000,0.246600,0.710000,55,0.550000,8
GOOG,3,close-return,20,123,64,100,0.640000,0.240219,49,100,0.490000,0.250285,0.640000,55,0.550000,15
GOOG,3,close-return,20,2026,64,100,0.640000,0.240338,51,100,0.510000,0.247429,0.680000,55,0.550000,10
GOOG,3,ohlcv,5,42,59,100,0.590000,0.232316,56,100,0.560000,0.245503,0.750000,55,0.550000,8
GOOG,3,ohlcv,5,123,63,100,0.630000,0.234310,50,100,0.500000,0.256636,0.750000,55,0.550000,19
GOOG,3,ohlcv,5,2026,62,100,0.620000,0.232864,53,100,0.530000,0.253867,0.700000,55,0.550000,17
GOOG,3,ohlcv,20,42,62,100,0.620000,0.231614,57,100,0.570000,0.245784,0.740000,55,0.550000,14
GOOG,3,ohlcv,20,123,64,100,0.640000,0.230838,56,100,0.560000,0.246681,0.830000,55,0.550000,19
GOOG,3,ohlcv,20,2026,67,100,0.670000,0.231883,55,100,0.550000,0.253399,0.720000,55,0.550000,18
AAPL,1,close-return,5,42,62,100,0.620000,0.247881,51,100,0.510000,0.249920,0.990000,52,0.520000,1
AAPL,1,close-return,5,123,64,100,0.640000,0.246575,52,100,0.520000,0.249630,1.000000,52,0.520000,6
AAPL,1,close-return,5,2026,63,100,0.630000,0.244649,51,100,0.510000,0.250159,0.990000,52,0.520000,11
AAPL,1,close-return,20,42,62,100,0.620000,0.247903,52,100,0.520000,0.249908,1.000000,52,0.520000,1
AAPL,1,close-return,20,123,64,100,0.640000,0.246648,52,100,0.520000,0.249664,1.000000,52,0.520000,6
AAPL,1,close-return,20,2026,63,100,0.630000,0.244703,51,100,0.510000,0.250152,0.990000,52,0.520000,11
AAPL,1,ohlcv,5,42,64,100,0.640000,0.248672,52,100,0.520000,0.249871,1.000000,52,0.520000,1
AAPL,1,ohlcv,5,123,50,100,0.500000,0.249397,51,100,0.510000,0.247541,0.770000,52,0.520000,6
AAPL,1,ohlcv,5,2026,50,100,0.500000,0.246696,57,100,0.570000,0.248075,0.790000,52,0.520000,7
AAPL,1,ohlcv,20,42,64,100,0.640000,0.248700,52,100,0.520000,0.249875,1.000000,52,0.520000,1
AAPL,1,ohlcv,20,123,62,100,0.620000,0.249447,54,100,0.540000,0.249762,0.960000,52,0.520000,1
AAPL,1,ohlcv,20,2026,53,100,0.530000,0.246998,57,100,0.570000,0.248029,0.790000,52,0.520000,7
AAPL,2,close-return,5,42,52,100,0.520000,0.249858,56,100,0.560000,0.248848,1.000000,56,0.560000,1
AAPL,2,close-return,5,123,52,100,0.520000,0.249877,56,100,0.560000,0.248822,1.000000,56,0.560000,2
AAPL,2,close-return,5,2026,52,100,0.520000,0.249711,56,100,0.560000,0.247643,1.000000,56,0.560000,2
AAPL,2,close-return,20,42,52,100,0.520000,0.249878,56,100,0.560000,0.248870,1.000000,56,0.560000,1
AAPL,2,close-return,20,123,52,100,0.520000,0.249883,56,100,0.560000,0.248817,1.000000,56,0.560000,2
AAPL,2,close-return,20,2026,52,100,0.520000,0.249716,56,100,0.560000,0.247625,1.000000,56,0.560000,2
AAPL,2,ohlcv,5,42,52,100,0.520000,0.249274,55,100,0.550000,0.248914,0.990000,56,0.560000,4
AAPL,2,ohlcv,5,123,53,100,0.530000,0.248787,54,100,0.540000,0.252054,0.820000,56,0.560000,6
AAPL,2,ohlcv,5,2026,54,100,0.540000,0.248010,55,100,0.550000,0.247657,0.890000,56,0.560000,5
AAPL,2,ohlcv,20,42,52,100,0.520000,0.249291,56,100,0.560000,0.248556,1.000000,56,0.560000,4
AAPL,2,ohlcv,20,123,54,100,0.540000,0.248665,54,100,0.540000,0.251925,0.820000,56,0.560000,6
AAPL,2,ohlcv,20,2026,53,100,0.530000,0.247900,54,100,0.540000,0.247713,0.880000,56,0.560000,5
AAPL,3,close-return,5,42,56,100,0.560000,0.247408,53,100,0.530000,0.248867,1.000000,53,0.530000,5
AAPL,3,close-return,5,123,58,100,0.580000,0.246799,52,100,0.520000,0.249260,0.990000,53,0.530000,12
AAPL,3,close-return,5,2026,56,100,0.560000,0.246862,53,100,0.530000,0.249153,1.000000,53,0.530000,4
AAPL,3,close-return,20,42,56,100,0.560000,0.247465,53,100,0.530000,0.248942,1.000000,53,0.530000,5
AAPL,3,close-return,20,123,56,100,0.560000,0.246811,53,100,0.530000,0.249282,1.000000,53,0.530000,12
AAPL,3,close-return,20,2026,56,100,0.560000,0.246874,53,100,0.530000,0.249161,1.000000,53,0.530000,4
AAPL,3,ohlcv,5,42,55,100,0.550000,0.247991,50,100,0.500000,0.250481,0.950000,53,0.530000,4
AAPL,3,ohlcv,5,123,55,100,0.550000,0.248874,50,100,0.500000,0.250176,0.950000,53,0.530000,2
AAPL,3,ohlcv,5,2026,58,100,0.580000,0.246731,54,100,0.540000,0.250636,0.890000,53,0.530000,4
AAPL,3,ohlcv,20,42,55,100,0.550000,0.247688,49,100,0.490000,0.250528,0.960000,53,0.530000,4
AAPL,3,ohlcv,20,123,55,100,0.550000,0.248834,50,100,0.500000,0.250218,0.950000,53,0.530000,2
AAPL,3,ohlcv,20,2026,57,100,0.570000,0.246686,54,100,0.540000,0.250842,0.890000,53,0.530000,4
TSLA,1,close-return,5,42,53,100,0.530000,0.244800,48,100,0.480000,0.252566,0.850000,43,0.430000,18
TSLA,1,close-return,5,123,52,100,0.520000,0.245877,52,100,0.520000,0.250118,0.730000,43,0.430000,20
TSLA,1,close-return,5,2026,56,100,0.560000,0.247309,43,100,0.430000,0.252872,1.000000,43,0.430000,11
TSLA,1,close-return,20,42,55,100,0.550000,0.243594,44,100,0.440000,0.252816,0.870000,43,0.430000,18
TSLA,1,close-return,20,123,52,100,0.520000,0.245421,45,100,0.450000,0.250468,0.780000,43,0.430000,20
TSLA,1,close-return,20,2026,56,100,0.560000,0.247104,43,100,0.430000,0.252867,1.000000,43,0.430000,11
TSLA,1,ohlcv,5,42,50,100,0.500000,0.249345,53,100,0.530000,0.248975,0.540000,43,0.430000,6
TSLA,1,ohlcv,5,123,54,100,0.540000,0.249131,56,100,0.560000,0.247235,0.450000,43,0.430000,5
TSLA,1,ohlcv,5,2026,56,100,0.560000,0.249047,45,100,0.450000,0.250838,0.820000,43,0.430000,3
TSLA,1,ohlcv,20,42,53,100,0.530000,0.248644,52,100,0.520000,0.249426,0.550000,43,0.430000,6
TSLA,1,ohlcv,20,123,55,100,0.550000,0.248939,53,100,0.530000,0.247551,0.440000,43,0.430000,5
TSLA,1,ohlcv,20,2026,52,100,0.520000,0.248142,50,100,0.500000,0.254817,0.570000,43,0.430000,10
TSLA,2,close-return,5,42,42,100,0.420000,0.250321,55,100,0.550000,0.249867,0.990000,54,0.540000,1
TSLA,2,close-return,5,123,54,100,0.540000,0.249791,50,100,0.500000,0.250101,0.180000,54,0.540000,1
TSLA,2,close-return,5,2026,43,100,0.430000,0.250750,54,100,0.540000,0.249688,1.000000,54,0.540000,1
TSLA,2,close-return,20,42,43,100,0.430000,0.250271,54,100,0.540000,0.249879,1.000000,54,0.540000,1
TSLA,2,close-return,20,123,55,100,0.550000,0.249803,49,100,0.490000,0.250100,0.190000,54,0.540000,1
TSLA,2,close-return,20,2026,43,100,0.430000,0.250736,54,100,0.540000,0.249688,1.000000,54,0.540000,1
TSLA,2,ohlcv,5,42,58,100,0.580000,0.240677,47,100,0.470000,0.275971,0.450000,54,0.540000,19
TSLA,2,ohlcv,5,123,53,100,0.530000,0.246619,54,100,0.540000,0.252927,0.540000,54,0.540000,5
TSLA,2,ohlcv,5,2026,52,100,0.520000,0.249699,51,100,0.510000,0.255138,0.610000,54,0.540000,6
TSLA,2,ohlcv,20,42,59,100,0.590000,0.245482,52,100,0.520000,0.270087,0.560000,54,0.540000,11
TSLA,2,ohlcv,20,123,53,100,0.530000,0.244257,47,100,0.470000,0.272018,0.510000,54,0.540000,12
TSLA,2,ohlcv,20,2026,57,100,0.570000,0.245223,51,100,0.510000,0.275181,0.490000,54,0.540000,14
TSLA,3,close-return,5,42,45,100,0.450000,0.249274,58,100,0.580000,0.247184,0.440000,54,0.540000,11
TSLA,3,close-return,5,123,54,100,0.540000,0.249669,54,100,0.540000,0.249596,1.000000,54,0.540000,1
TSLA,3,close-return,5,2026,54,100,0.540000,0.249547,54,100,0.540000,0.249539,1.000000,54,0.540000,1
TSLA,3,close-return,20,42,54,100,0.540000,0.249893,54,100,0.540000,0.249863,1.000000,54,0.540000,1
TSLA,3,close-return,20,123,54,100,0.540000,0.249664,54,100,0.540000,0.249585,1.000000,54,0.540000,1
TSLA,3,close-return,20,2026,54,100,0.540000,0.249549,54,100,0.540000,0.249529,1.000000,54,0.540000,1
TSLA,3,ohlcv,5,42,50,100,0.500000,0.250266,41,100,0.410000,0.250295,0.150000,54,0.540000,1
TSLA,3,ohlcv,5,123,52,100,0.520000,0.249762,51,100,0.510000,0.249730,0.410000,54,0.540000,1
TSLA,3,ohlcv,5,2026,56,100,0.560000,0.249759,59,100,0.590000,0.249557,0.810000,54,0.540000,1
TSLA,3,ohlcv,20,42,51,100,0.510000,0.250210,40,100,0.400000,0.250193,0.140000,54,0.540000,1
TSLA,3,ohlcv,20,123,51,100,0.510000,0.249799,48,100,0.480000,0.249696,0.440000,54,0.540000,1
TSLA,3,ohlcv,20,2026,55,100,0.550000,0.249735,61,100,0.610000,0.249532,0.830000,54,0.540000,1
