ticker,feature_set,lookback,seed,correct_days,test_days,baseline_correct_days,mean_brier,mean_predicted_up_rate,accuracy,baseline_accuracy
AAPL,close-return,5,42,160,300,161,0.249212,0.996667,0.533333,0.536667
AAPL,close-return,5,123,160,300,161,0.249237,0.996667,0.533333,0.536667
AAPL,close-return,5,2026,160,300,161,0.248985,0.996667,0.533333,0.536667
AAPL,close-return,20,42,161,300,161,0.249240,1.000000,0.536667,0.536667
AAPL,close-return,20,123,161,300,161,0.249254,1.000000,0.536667,0.536667
AAPL,close-return,20,2026,160,300,161,0.248979,0.996667,0.533333,0.536667
AAPL,ohlcv,5,42,157,300,161,0.249755,0.980000,0.523333,0.536667
AAPL,ohlcv,5,123,155,300,161,0.249924,0.846667,0.516667,0.536667
AAPL,ohlcv,5,2026,166,300,161,0.248789,0.856667,0.553333,0.536667
AAPL,ohlcv,20,42,157,300,161,0.249653,0.986667,0.523333,0.536667
AAPL,ohlcv,20,123,158,300,161,0.250635,0.910000,0.526667,0.536667
AAPL,ohlcv,20,2026,165,300,161,0.248862,0.853333,0.550000,0.536667
GOOG,close-return,5,42,162,300,162,0.245926,0.753333,0.540000,0.540000
GOOG,close-return,5,123,162,300,162,0.247385,0.800000,0.540000,0.540000
GOOG,close-return,5,2026,165,300,162,0.245745,0.650000,0.550000,0.540000
GOOG,close-return,20,42,161,300,162,0.245905,0.756667,0.536667,0.540000
GOOG,close-return,20,123,163,300,162,0.247604,0.776667,0.543333,0.540000
GOOG,close-return,20,2026,169,300,162,0.245660,0.696667,0.563333,0.540000
GOOG,ohlcv,5,42,161,300,162,0.251180,0.763333,0.536667,0.540000
GOOG,ohlcv,5,123,154,300,162,0.254472,0.726667,0.513333,0.540000
GOOG,ohlcv,5,2026,158,300,162,0.255279,0.766667,0.526667,0.540000
GOOG,ohlcv,20,42,167,300,162,0.249570,0.776667,0.556667,0.540000
GOOG,ohlcv,20,123,165,300,162,0.249750,0.776667,0.550000,0.540000
GOOG,ohlcv,20,2026,162,300,162,0.254330,0.786667,0.540000,0.540000
TSLA,close-return,5,42,161,300,151,0.249872,0.760000,0.536667,0.503333
TSLA,close-return,5,123,156,300,151,0.249938,0.636667,0.520000,0.503333
TSLA,close-return,5,2026,151,300,151,0.250700,1.000000,0.503333,0.503333
TSLA,close-return,20,42,152,300,151,0.250853,0.956667,0.506667,0.503333
TSLA,close-return,20,123,148,300,151,0.250051,0.656667,0.493333,0.503333
TSLA,close-return,20,2026,151,300,151,0.250695,1.000000,0.503333,0.503333
TSLA,ohlcv,5,42,141,300,151,0.258414,0.380000,0.470000,0.503333
TSLA,ohlcv,5,123,161,300,151,0.249964,0.466667,0.536667,0.503333
TSLA,ohlcv,5,2026,155,300,151,0.251844,0.746667,0.516667,0.503333
TSLA,ohlcv,20,42,144,300,151,0.256569,0.416667,0.480000,0.503333
TSLA,ohlcv,20,123,148,300,151,0.256422,0.463333,0.493333,0.503333
TSLA,ohlcv,20,2026,162,300,151,0.259844,0.630000,0.540000,0.503333
