Date,Actual,PreviousClose,naive,ridge,gru,attention-is-all-you-need
2024-10-21,236.480000,235.000000,235.000000,234.510084,234.819833,235.097136
2024-10-22,235.860000,236.480000,236.480000,235.831528,236.299372,236.576164
2024-10-23,230.760000,235.860000,235.860000,235.406482,235.678948,235.957974
2024-10-24,230.570000,230.760000,230.760000,230.127763,230.578797,230.865998
2024-10-25,231.410000,230.570000,230.570000,230.055867,230.388774,230.676548
2024-10-28,233.400000,231.410000,231.410000,230.740841,231.228799,231.515538
2024-10-29,233.670000,233.400000,233.400000,232.522890,233.218777,233.502533
2024-10-30,230.100000,233.670000,233.670000,232.608024,233.488731,233.772767
2024-10-31,225.910000,230.100000,230.100000,229.160443,229.918836,230.208554
2024-11-01,222.910000,225.910000,225.910000,225.357677,225.729276,226.025526
2024-11-04,222.010000,222.910000,222.910000,222.664748,222.730031,223.030551
2024-11-05,223.450000,222.010000,222.010000,221.395512,221.830883,222.132221
2024-11-06,222.720000,223.450000,223.450000,222.700123,223.271526,223.569449
2024-11-07,227.480000,222.720000,222.720000,221.837763,222.542232,222.840272
2024-11-08,226.960000,227.480000,227.480000,227.004024,227.302300,227.591892
2024-11-11,224.230000,226.960000,226.960000,226.064515,226.782404,227.072717
2024-11-12,224.230000,224.230000,224.230000,223.609862,224.052707,224.346850
2024-11-13,225.120000,224.230000,224.230000,223.807022,224.052903,224.345982
2024-11-14,228.220000,225.120000,225.120000,224.636372,224.942958,225.233867
2024-11-15,225.000000,228.220000,228.220000,227.595457,228.042698,228.328293
2024-11-18,228.020000,225.000000,225.000000,224.224699,224.822796,225.112623
2024-11-19,228.280000,228.020000,228.020000,227.348618,227.842538,228.126453
2024-11-20,229.000000,228.280000,228.280000,227.879288,228.102298,228.384977
2024-11-21,228.520000,229.000000,229.000000,228.572096,228.822018,229.103612
2024-11-22,229.870000,228.520000,228.520000,228.032532,228.341806,228.624150
2024-11-25,232.870000,229.870000,229.870000,229.024264,229.691504,229.971799
2024-11-26,235.060000,232.870000,232.870000,231.857184,232.691050,232.967101
2024-11-27,234.930000,235.060000,235.060000,234.256928,234.880522,235.154138
2024-11-29,237.330000,234.930000,234.930000,233.785683,234.750010,235.025050
2024-12-02,239.590000,237.330000,237.330000,236.857135,237.149450,237.423196
2024-12-03,242.650000,239.590000,239.590000,238.710306,239.408862,239.682206
2024-12-04,243.010000,242.650000,242.650000,242.211097,242.468251,242.740908
2024-12-05,243.040000,243.010000,243.010000,242.092762,242.827609,243.102737
2024-12-06,242.840000,243.040000,243.040000,242.242038,242.856998,243.134690
2024-12-09,246.750000,242.840000,242.840000,242.068732,242.656469,242.936458
2024-12-10,247.770000,246.750000,246.750000,246.095867,246.566057,246.843842
2024-12-11,246.490000,247.770000,247.770000,246.928195,247.585602,247.864829
2024-12-12,247.960000,246.490000,246.490000,245.591454,246.305117,246.587980
2024-12-13,248.130000,247.960000,247.960000,247.079661,247.774751,248.057865
2024-12-16,251.040000,248.130000,248.130000,247.421487,247.944407,248.229063
2024-12-17,253.480000,251.040000,251.040000,250.061297,250.854177,251.137518
2024-12-18,248.050000,253.480000,253.480000,252.450696,253.293946,253.576801
2024-12-19,249.790000,248.050000,248.050000,246.919598,247.863421,248.154229
2024-12-20,254.490000,249.790000,249.790000,249.220500,249.603206,249.893175
2024-12-23,255.270000,254.490000,254.490000,253.680517,254.303209,254.589433
2024-12-24,258.200000,255.270000,255.270000,254.203633,255.083032,255.370303
2024-12-26,259.020000,258.200000,258.200000,257.138141,258.012889,258.299054
2024-12-27,255.590000,259.020000,259.020000,258.019829,258.832626,259.120015
2024-12-30,252.200000,255.590000,255.590000,254.839560,255.402131,255.694991
2024-12-31,250.420000,252.200000,252.200000,251.597269,252.011717,252.309682
2025-01-02,243.850000,250.420000,250.420000,249.666321,250.231515,250.532346
2025-01-03,243.360000,243.850000,243.850000,243.001446,243.661341,243.971012
2025-01-06,245.000000,243.360000,243.360000,242.726942,243.171530,243.481695
2025-01-07,242.210000,245.000000,245.000000,244.312643,244.811943,245.119544
2025-01-08,242.700000,242.210000,242.210000,241.039410,242.022260,242.333364
2025-01-10,236.850000,242.700000,242.700000,241.686758,242.512674,242.822513
2025-01-13,234.400000,236.850000,236.850000,236.018193,236.663029,236.980473
2025-01-14,233.280000,234.400000,234.400000,233.533517,234.213584,234.533668
2025-01-15,237.870000,233.280000,233.280000,232.640507,233.094282,233.414764
2025-01-16,228.260000,237.870000,237.870000,236.838516,237.684941,237.997395
2025-01-17,229.980000,228.260000,228.260000,227.083777,228.075699,228.401335
2025-01-21,222.640000,229.980000,229.980000,229.792745,229.796457,230.117316
2025-01-22,223.830000,222.640000,222.640000,222.235235,222.457701,222.788575
2025-01-23,223.660000,223.830000,223.830000,223.800588,223.648813,223.975312
2025-01-24,222.780000,223.660000,223.660000,222.879943,223.479886,223.803904
2025-01-27,229.860000,222.780000,222.780000,222.308458,222.600939,222.923407
2025-01-28,238.260000,229.860000,229.860000,228.471686,229.681137,229.989196
2025-01-29,239.360000,238.260000,238.260000,237.617962,238.080836,238.373529
2025-01-30,237.590000,239.360000,239.360000,237.719172,239.180277,239.469073
2025-01-31,236.000000,237.590000,237.590000,237.070845,237.409645,237.699154
2025-02-03,228.010000,236.000000,236.000000,235.219859,235.819081,236.109122
2025-02-04,232.800000,228.010000,228.010000,228.192988,227.829009,228.130094
2025-02-05,232.470000,232.800000,232.800000,232.330801,232.618826,232.911377
2025-02-06,233.220000,232.470000,232.470000,231.837175,232.288766,232.580231
2025-02-07,227.630000,233.220000,233.220000,232.367500,233.038713,233.327966
2025-02-10,227.650000,227.630000,227.630000,226.886629,227.448990,227.745081
2025-02-11,232.620000,227.650000,227.650000,227.603149,227.469308,227.764213
2025-02-12,236.870000,232.620000,232.620000,231.437822,232.439340,232.726159
2025-02-13,241.530000,236.870000,236.870000,235.670090,236.689183,236.970324
2025-02-14,244.600000,241.530000,241.530000,239.825877,241.348823,241.624656
2025-02-18,244.470000,244.600000,244.600000,243.327381,244.418277,244.692878
2025-02-19,244.870000,244.470000,244.470000,243.318442,244.287589,244.564770
2025-02-20,245.830000,244.870000,244.870000,244.681245,244.686919,244.966129
2025-02-21,245.550000,245.830000,245.830000,245.117712,245.646312,245.926711
2025-02-24,247.100000,245.550000,245.550000,245.553312,245.365761,245.648624
2025-02-25,247.040000,247.100000,247.100000,246.709411,246.915317,247.198457
2025-02-26,240.360000,247.040000,247.040000,246.328374,246.854904,247.139812
2025-02-27,237.300000,240.360000,240.360000,239.631227,240.174497,240.468741
2025-02-28,241.840000,237.300000,237.300000,236.498562,237.114404,237.412938
2025-03-03,238.030000,241.840000,241.840000,241.122008,241.654548,241.946889
2025-03-04,235.930000,238.030000,238.030000,236.950045,237.844658,238.142304
2025-03-05,235.740000,235.930000,235.930000,234.922699,235.744883,236.045718
2025-03-06,235.330000,235.740000,235.740000,234.563933,235.555211,235.856147
2025-03-07,239.070000,235.330000,235.330000,234.195534,235.145573,235.446902
2025-03-10,227.480000,239.070000,239.070000,238.331421,238.885874,239.181735
2025-03-11,220.840000,227.480000,227.480000,226.791108,227.296392,227.609776
2025-03-12,216.980000,220.840000,220.840000,220.557307,220.657613,220.981229
2025-03-13,209.680000,216.980000,216.980000,216.928292,216.799429,217.127775
2025-03-14,213.490000,209.680000,209.680000,209.474458,209.502658,209.841517
2025-03-17,214.000000,213.490000,213.490000,213.032716,213.314626,213.641602
