model,epoch,train_mse_scaled,validation_mae,validation_rmse
gru,1,0.025104,2.580726,3.473024
gru,2,0.024968,2.584220,3.477052
gru,3,0.024948,2.541573,3.448959
gru,4,0.024933,2.530838,3.443095
gru,5,0.024950,2.598464,3.483691
gru,6,0.024900,2.631736,3.504414
gru,7,0.024912,2.775902,3.614633
gru,8,0.024961,2.728237,3.577070
gru,9,0.024880,2.683561,3.540947
attention-is-all-you-need,1,0.025679,2.511378,3.434829
attention-is-all-you-need,2,0.025450,2.512461,3.435311
attention-is-all-you-need,3,0.025031,2.511961,3.432877
attention-is-all-you-need,4,0.025009,2.546877,3.455668
attention-is-all-you-need,5,0.025343,2.488820,3.422243
attention-is-all-you-need,6,0.025184,2.485957,3.418958
attention-is-all-you-need,7,0.024992,2.616334,3.499131
attention-is-all-you-need,8,0.025277,2.515811,3.436421
attention-is-all-you-need,9,0.024943,2.559003,3.460709
attention-is-all-you-need,10,0.025751,2.586122,3.477715
attention-is-all-you-need,11,0.025164,2.459222,3.409626
attention-is-all-you-need,12,0.025027,2.595444,3.484857
attention-is-all-you-need,13,0.025025,2.493706,3.424444
attention-is-all-you-need,14,0.024854,2.483742,3.420202
attention-is-all-you-need,15,0.025118,2.459356,3.411127
