Date,Actual,PreviousClose,naive,ridge,hist-gbdt,stacked,lstm,bidirectional-lstm,lstm-2path,gru,bidirectional-gru,gru-2path,vanilla,bidirectional-vanilla,vanilla-2path,lstm-seq2seq,bidirectional-lstm-seq2seq,lstm-seq2seq-vae,gru-seq2seq,bidirectional-gru-seq2seq,gru-seq2seq-vae,attention-is-all-you-need,cnn-seq2seq,dilated-cnn-seq2seq
2025-06-02,170.370000,172.850000,172.850000,172.509108,172.868928,172.881991,172.891252,172.771599,172.938029,172.892053,172.722140,172.794743,172.875450,172.726881,172.926092,172.795241,172.767866,172.751859,172.801083,172.695800,172.732644,172.745452,172.840091,172.832403
2025-06-03,167.710000,170.370000,170.370000,169.965397,170.557500,170.373314,170.415302,170.302966,170.458248,170.416933,170.261726,170.325533,170.405036,170.254494,170.447108,170.323825,170.298438,170.282652,170.329505,170.234612,170.262147,170.295239,170.357687,170.348381
2025-06-04,169.390000,167.710000,167.710000,167.504373,167.728928,167.766701,167.761149,167.648597,167.800584,167.764238,167.613332,167.679336,167.753972,167.665144,167.791892,167.673067,167.648725,167.634273,167.678728,167.586827,167.612584,167.668096,167.694292,167.685667
2025-06-05,169.810000,169.390000,169.390000,169.136116,169.485974,169.430098,169.440834,169.279030,169.483590,169.443779,169.204024,169.354615,169.425032,169.217724,169.475338,169.347240,169.316555,169.306891,169.353375,169.214082,169.286191,169.329388,169.371270,169.363112
2025-06-06,174.920000,169.810000,169.810000,169.811483,170.095736,169.877570,169.859946,169.713052,169.903359,169.862751,169.648560,169.772200,169.842045,169.676479,169.891352,169.765762,169.736670,169.725099,169.771913,169.646048,169.704631,169.754947,169.786945,169.778613
2025-06-09,177.630000,174.920000,174.920000,174.576257,175.015974,174.943683,174.961543,174.793179,175.012698,174.962145,174.698537,174.859128,174.934571,174.704085,174.996887,174.858123,174.823081,174.812871,174.864536,174.704418,174.795116,174.818052,174.891658,174.883708
2025-06-10,180.010000,177.630000,177.630000,177.375426,177.915736,177.650793,177.664221,177.487961,177.718156,177.663157,177.392773,177.552982,177.637065,177.421044,177.699458,177.558827,177.522841,177.511225,177.564834,177.407099,177.494793,177.513055,177.595378,177.588305
2025-06-11,178.790000,180.010000,180.010000,179.559151,179.782984,180.046762,180.038086,179.840293,180.094243,180.035737,179.738746,179.918742,180.014270,179.762364,180.075322,179.930731,179.892784,179.881005,179.936304,179.773287,179.865744,179.879462,179.968803,179.962482
2025-06-12,176.970000,178.790000,178.790000,178.159183,178.347880,178.815626,178.817682,178.618566,178.870781,178.815186,178.542326,178.700043,178.800832,178.588621,178.854542,178.714904,178.680803,178.666217,178.720101,178.587347,178.649941,178.679700,178.742041,178.737941
2025-06-13,175.880000,176.970000,176.970000,176.592553,177.034346,176.990723,177.000358,176.799793,177.050398,176.998091,176.735882,176.887225,176.989059,176.777600,177.037752,176.901163,176.869663,176.853968,176.906284,176.790435,176.836537,176.882367,176.917057,176.914317
2025-06-16,177.940000,175.880000,175.880000,175.603141,176.326996,175.880423,175.913172,175.720130,175.961670,175.911073,175.676094,175.803107,175.901904,175.708401,175.951016,175.814940,175.786147,175.768600,175.820156,175.723464,175.750601,175.808775,175.822154,175.820177
2025-06-17,177.230000,177.940000,177.940000,177.833211,178.536059,177.956425,177.971398,177.769663,178.023018,177.968581,177.720035,177.855096,177.954098,177.761218,178.010995,177.867926,177.836541,177.819676,177.873303,177.762172,177.802972,177.852203,177.876832,177.875763
2025-06-18,173.980000,177.230000,177.230000,177.137707,177.676996,177.264139,177.261717,177.054266,177.311935,177.258866,177.008705,177.146442,177.245863,177.033774,177.297950,177.160347,177.130283,177.112751,177.165581,177.062888,177.095583,177.153647,177.163259,177.161609
2025-06-20,167.730000,173.980000,173.980000,174.157603,174.122685,174.094202,174.016583,173.828008,174.062218,174.014720,173.820819,173.910866,174.007372,173.838775,174.050232,173.921492,173.898528,173.876796,173.926656,173.871846,173.857798,173.943200,173.909931,173.908376
2025-06-23,166.010000,167.730000,167.730000,168.206810,167.937671,167.892293,167.778002,167.631362,167.815222,167.778852,167.664744,167.692300,167.778650,167.689923,167.808281,167.693116,167.680079,167.654057,167.698130,167.706544,167.632037,167.767144,167.659749,167.658447
2025-06-24,167.740000,166.010000,166.010000,166.596423,166.426902,166.171170,166.065412,165.951371,166.101700,166.068363,165.999740,165.987061,166.061754,165.990250,166.099136,165.979105,165.969071,165.941594,165.984604,166.009780,165.919128,166.066463,165.941500,165.939006
2025-06-25,171.490000,167.740000,167.740000,168.046208,168.181804,167.847463,167.795476,167.694207,167.835550,167.798818,167.745714,167.712667,167.780056,167.714564,167.829023,167.703046,167.692453,167.664035,167.709153,167.730672,167.642627,167.772549,167.672471,167.668093
2025-06-26,174.430000,171.490000,171.490000,171.457555,171.889127,171.539911,171.539249,171.423543,171.585443,171.541262,171.455084,171.445545,171.514473,171.416632,171.571871,171.439993,171.423617,171.397711,171.446449,171.428518,171.378236,171.474901,171.424084,171.417647
2025-06-27,178.270000,174.430000,174.430000,173.945736,174.751062,174.405262,174.472048,174.331937,174.522214,174.472525,174.342199,174.369713,174.444807,174.310476,174.504532,174.369814,174.348344,174.325010,174.376129,174.325857,174.306984,174.381775,174.364528,174.356993
2025-06-30,177.390000,178.270000,178.270000,177.641484,178.006569,178.277986,178.303476,178.128527,178.358441,178.302110,178.110501,178.189775,178.275422,178.100681,178.339492,178.196652,178.168412,178.148466,178.202680,178.112074,178.132444,178.183447,178.202479,178.196399
2025-07-01,176.910000,177.390000,177.390000,176.761688,177.579593,177.352235,177.421587,177.224610,177.473855,177.419962,177.197078,177.309142,177.401880,177.217977,177.456100,177.319655,177.291134,177.272267,177.325189,177.232905,177.255414,177.314260,177.320016,177.316533
2025-07-02,179.760000,176.910000,176.910000,176.439774,177.001194,176.911060,176.941760,176.729246,176.992774,176.940018,176.704983,176.830218,176.926798,176.731045,176.978500,176.841331,176.813219,176.794272,176.846736,176.758562,176.777007,176.842177,176.836589,176.836381
2025-07-03,180.550000,179.760000,179.760000,179.498561,179.263867,179.858564,179.787943,179.552853,179.842627,179.785086,179.530760,179.667581,179.768004,179.561531,179.828836,179.681660,179.650878,179.631959,179.687038,179.588332,179.616365,179.668858,179.681379,179.684040
2025-07-07,177.560000,180.550000,180.550000,180.373922,179.696940,180.700234,180.575492,180.321371,180.630292,180.571972,180.308080,180.451069,180.556839,180.328838,180.614496,180.468995,180.438524,180.418579,180.474082,180.382248,180.403315,180.455940,180.467486,180.470951
2025-07-08,175.160000,177.560000,177.560000,177.494145,178.064228,177.593185,177.588858,177.339371,177.638819,177.585815,177.363194,177.471774,177.577929,177.387505,177.624620,177.489190,177.465664,177.441383,177.494109,177.450280,177.424187,177.499544,177.474735,177.478753
2025-07-09,177.660000,175.160000,175.160000,175.382820,176.021155,175.209845,175.193782,174.961656,175.240648,175.191411,175.007960,175.084196,175.185340,175.018733,175.230981,175.097444,175.078807,175.051669,175.102492,175.090753,175.033188,175.125324,175.074609,175.078822
2025-07-10,178.700000,177.660000,177.660000,178.004952,178.365908,177.747847,177.692195,177.463745,177.743204,177.689177,177.502126,177.575796,177.674978,177.498337,177.732807,177.588919,177.567128,177.540831,177.594284,177.563700,177.523966,177.598678,177.574467,177.578140
2025-07-11,181.310000,178.700000,178.700000,179.144010,179.172767,178.829508,178.730028,178.502485,178.782213,178.726539,178.523099,178.609642,178.710944,178.522809,178.767703,178.625358,178.600986,178.576396,178.630613,178.581615,178.560124,178.627567,178.615193,178.617317
2025-07-14,182.810000,181.310000,181.310000,181.640210,181.718326,181.425232,181.335497,181.098293,181.391092,181.331198,181.094098,181.206724,181.314207,181.111474,181.375076,181.226489,181.197121,181.175245,181.231576,181.150961,181.160512,181.212770,181.223889,181.224536
2025-07-15,183.100000,182.810000,182.810000,182.789739,183.386220,182.844237,182.831727,182.584575,182.888599,182.826881,182.562393,182.697219,182.810871,182.582656,182.872528,182.721405,182.689000,182.668878,182.726165,182.627252,182.654933,182.700574,182.721576,182.720458
2025-07-16,183.770000,183.100000,183.100000,182.635195,183.482612,183.072596,183.119986,182.870010,183.176485,183.114914,182.840337,182.983259,183.102631,182.870591,183.160976,183.010434,182.977100,182.957650,183.014937,182.911337,182.943711,182.990311,183.007928,183.005349
2025-07-17,184.700000,183.770000,183.770000,183.181449,184.348386,183.700202,183.788572,183.534515,183.845432,183.783201,183.484731,183.648864,183.772061,183.529327,183.831231,183.678201,183.641934,183.624776,183.682540,183.559184,183.611173,183.656013,183.673581,183.670997
2025-07-18,185.940000,184.700000,184.700000,184.157782,184.593136,184.707926,184.716929,184.449819,184.774504,184.711197,184.371261,184.573402,184.700363,184.447338,184.760632,184.605091,184.564706,184.550816,184.609265,184.457653,184.537734,184.580019,184.597306,184.596103
2025-07-21,191.150000,185.940000,185.940000,185.388527,185.755072,185.954126,185.954791,185.663092,186.013466,185.948656,185.554768,185.806430,185.937852,185.653285,185.999142,185.840943,185.796317,185.785556,185.844903,185.665457,185.773219,185.813121,185.829253,185.830311
2025-07-22,192.110000,191.150000,191.150000,190.761294,191.162005,191.173956,191.157516,190.828243,191.222381,191.150477,190.694823,190.993427,191.135347,190.807497,191.206408,191.033653,190.981242,190.973750,191.036935,190.819059,190.964982,190.988740,191.027274,191.030641
2025-07-23,191.510000,192.110000,192.110000,191.730496,192.356137,192.111972,192.113726,191.757847,192.178108,192.106564,191.637949,191.943745,192.095204,191.752188,192.161517,191.990467,191.938233,191.929819,191.993113,191.784367,191.921399,191.951885,191.974861,191.980067
2025-07-24,193.200000,191.510000,191.510000,191.177658,191.731236,191.523105,191.513218,191.142881,191.575773,191.506093,191.055407,191.342327,191.500160,191.174278,191.561548,191.392453,191.343385,191.332288,191.394879,191.212176,191.323158,191.366568,191.362303,191.370149
2025-07-25,194.080000,193.200000,193.200000,192.907075,191.890973,193.374974,193.201284,192.815701,193.265391,193.193835,192.743601,193.024423,193.186710,192.850562,193.253493,193.076938,193.026891,193.015232,193.079064,192.898757,193.007270,193.051469,193.040091,193.050350
2025-07-28,193.420000,194.080000,194.080000,194.045890,192.770973,194.302255,194.079680,193.682707,194.144025,194.072023,193.620873,193.898358,194.065411,193.731995,194.131474,193.954075,193.903687,193.891581,193.955884,193.779512,193.884151,193.931447,193.908263,193.919458
2025-07-29,196.430000,193.420000,193.420000,193.279087,193.517641,193.480568,193.419978,193.017084,193.482845,193.412248,192.956197,193.238351,193.408246,193.080983,193.470575,193.296250,193.246613,193.234281,193.298010,193.125738,193.226234,193.281297,193.237838,193.249320
2025-07-30,197.440000,196.430000,196.430000,196.121729,196.527641,196.459994,196.426805,196.009086,196.493124,196.418745,195.938972,196.236501,196.411431,196.062060,196.481490,196.296471,196.242220,196.231881,196.297736,196.104083,196.226131,196.274271,196.235688,196.247439
2025-07-31,192.860000,197.440000,197.440000,196.993347,197.537641,197.444715,197.434546,197.005052,197.501128,197.426468,196.937944,197.239469,197.419764,197.060891,197.488631,197.303191,197.247834,197.237788,197.304016,197.108860,197.232649,197.283350,197.233077,197.244486
2025-08-01,189.950000,192.860000,192.860000,192.522843,191.550973,193.026893,192.858921,192.435788,192.919270,192.851069,192.386976,192.673341,192.852548,192.522725,192.908192,192.738095,192.689577,192.676561,192.739470,192.578436,192.667743,192.743033,192.642763,192.654679
2025-08-04,195.750000,189.950000,189.950000,189.894898,188.640973,190.168420,189.954198,189.539748,190.011650,189.946236,189.502491,189.777166,189.949157,189.643519,190.004751,189.837747,189.793005,189.778522,189.839788,189.695271,189.767786,189.860888,189.723325,189.736683
2025-08-05,195.320000,195.750000,195.750000,195.653627,194.440973,195.960880,195.749554,195.313876,195.815042,195.740883,195.258220,195.558718,195.732029,195.383085,195.805558,195.618773,195.565103,195.554495,195.620368,195.430131,195.548397,195.620558,195.511146,195.524901
2025-08-06,196.920000,195.320000,195.320000,194.970966,194.010973,195.484724,195.318129,194.866465,195.382156,195.309623,194.829948,195.126284,195.302840,194.953236,195.368389,195.190122,195.138469,195.126358,195.191442,195.017026,195.119740,195.202717,195.069693,195.082636
2025-08-07,197.280000,196.920000,196.920000,196.532524,195.610973,197.077701,196.915799,196.444624,196.981635,196.907373,196.418599,196.719518,196.901702,196.551206,196.968821,196.784915,196.731715,196.719824,196.785874,196.608787,196.714361,196.798218,196.657434,196.671385
2025-08-08,202.090000,197.280000,197.280000,196.872771,195.970973,197.434093,197.274556,196.786577,197.340246,197.266264,196.778639,197.076369,197.260826,196.907189,197.329491,197.143739,197.091132,197.078386,197.144466,196.976472,197.073051,197.163159,197.005705,197.021257
2025-08-11,201.630000,202.090000,202.090000,201.457567,200.780973,202.202952,202.078958,201.562643,202.149939,202.070660,201.547874,201.868873,202.062343,201.685871,202.137559,201.938315,201.878424,201.868953,201.937960,201.739645,201.867413,201.945287,201.801858,201.819988
2025-08-12,204.160000,201.630000,201.630000,201.041231,200.320973,201.750928,201.617389,201.080224,201.686354,201.609469,201.074358,201.405746,201.604562,201.220855,201.674077,201.479740,201.420772,201.410867,201.479049,201.288739,201.408581,201.495023,201.329234,201.350169
2025-08-13,203.030000,204.160000,204.160000,203.730480,202.850973,204.310020,204.144357,203.582023,204.215656,204.136578,203.581265,203.925882,204.132020,203.740882,204.205012,204.001728,203.939161,203.930740,204.000304,203.798506,203.930398,204.014579,203.844085,203.868613
2025-08-14,203.820000,203.030000,203.030000,202.588498,201.720973,203.177831,203.014501,202.434916,203.083411,203.006875,202.455601,202.796234,203.004699,202.616538,203.074306,202.875282,202.815464,202.805247,202.873870,202.690807,202.803701,202.899309,202.700431,202.728357
2025-08-15,204.910000,203.820000,203.820000,203.437558,202.510973,203.978621,203.803944,203.208172,203.873459,203.796232,203.248845,203.582830,203.794576,203.398996,203.864947,203.662818,203.603062,203.592051,203.661193,203.485719,203.591116,203.690756,203.476975,203.506807
2025-08-18,204.290000,204.910000,204.910000,204.659062,203.600973,205.092644,204.892743,204.283136,204.963009,204.884982,204.344481,204.667888,204.881915,204.489518,204.954754,204.749386,204.689471,204.677696,204.747413,204.580463,204.677629,204.780062,204.553851,204.585437
2025-08-19,202.490000,204.290000,204.290000,204.161895,202.980973,204.495084,204.272987,203.656824,204.342037,204.265226,203.726534,204.047943,204.263961,203.876472,204.333684,204.131341,204.072728,204.060152,204.129398,203.970906,204.059455,204.168390,203.923456,203.956087
2025-08-20,200.190000,202.490000,202.490000,202.308505,201.180973,202.685330,202.474984,201.857477,202.541884,202.467095,201.939525,202.252996,202.467945,202.086529,202.534679,202.337048,202.281673,202.267289,202.335545,202.193301,202.265083,202.384522,202.114693,202.148503
2025-08-21,200.620000,200.190000,200.190000,200.542693,198.880973,200.482917,200.178211,199.563869,200.242788,200.170022,199.667328,199.961349,200.172088,199.804586,200.236830,200.044411,199.993681,199.976467,200.043556,199.926506,199.972495,200.104712,199.807177,199.840633
2025-08-22,206.720000,200.620000,200.620000,200.724945,199.310973,200.867658,200.609043,199.995349,200.674763,200.600519,200.105970,200.391919,200.599755,200.240191,200.668188,200.473075,200.422210,200.404678,200.472372,200.356000,200.401287,200.534139,200.230549,200.262733
2025-08-25,209.160000,206.720000,206.720000,206.469357,205.410973,206.902698,206.703046,206.074167,206.775934,206.694522,206.165069,206.472937,206.686449,206.292849,206.765943,206.553805,206.492937,206.480404,206.551685,206.389679,206.482274,206.594502,206.322199,206.353308
2025-08-26,207.950000,209.160000,209.160000,208.498341,207.850973,209.267613,209.138275,208.493612,209.212574,209.130453,208.578092,208.901432,209.123310,208.712588,209.200738,208.986144,208.921310,208.910976,208.982862,208.806924,208.914624,209.022814,208.752417,208.782408
2025-08-27,208.210000,207.950000,207.950000,207.528800,206.640973,208.101540,207.927697,207.275554,207.999571,207.920443,207.358488,207.691617,207.918946,207.519682,207.990056,207.779843,207.716243,207.705776,207.776543,207.605347,207.707957,207.823816,207.532379,207.564552
2025-08-28,212.370000,208.210000,208.210000,207.765177,206.900973,208.357225,208.187412,207.525468,208.259201,208.180275,207.597825,207.950141,208.179511,207.780149,208.253096,208.039045,207.973680,207.964715,208.035617,207.851741,207.966982,208.084894,207.781279,207.816941
2025-08-29,213.530000,212.370000,212.370000,211.755648,211.060973,212.486255,212.343521,211.658650,212.419385,212.336579,211.723551,212.097481,212.332076,211.893477,212.412339,212.186251,212.113888,212.108542,212.181503,211.969224,212.114463,212.223770,211.926694,211.965387
2025-09-02,211.990000,213.530000,213.530000,212.904015,212.220973,213.644130,213.501052,212.795118,213.576874,213.494575,212.880563,213.250766,213.491147,213.058072,213.568740,213.342676,213.269782,213.264148,213.337195,213.133636,213.270809,213.384944,213.069908,213.111229
2025-09-03,231.100000,211.990000,211.990000,211.506690,210.680973,212.130194,211.961635,211.243925,212.034981,211.955372,211.342374,211.712350,211.955836,211.525370,212.028865,211.807353,211.737282,211.730077,211.802147,211.613651,211.735070,211.859428,211.516491,211.561105
2025-09-04,232.660000,231.100000,231.100000,230.562980,229.790973,231.230382,231.055806,230.293292,231.148211,231.051003,230.343045,230.777471,231.038696,230.556479,231.138245,230.861419,230.758064,230.769381,230.848410,230.537255,230.792901,230.871313,230.600256,230.650400
2025-09-05,235.170000,232.660000,232.660000,231.770217,231.350973,232.725939,232.608905,231.817085,232.697840,232.606717,231.858149,232.323482,232.598871,232.077760,232.689328,232.416853,232.310375,232.324246,232.401582,232.084824,232.347943,232.429600,232.136153,232.189640
2025-09-08,234.160000,235.170000,235.170000,234.309117,233.860973,235.241218,235.114883,234.300014,235.203708,235.114443,234.348728,234.823246,235.113282,234.610313,235.200103,234.919855,234.809240,234.825580,234.902587,234.582363,234.850805,234.934105,234.615459,234.675612
2025-09-09,239.940000,234.160000,234.160000,233.665435,232.850973,234.298138,234.104497,233.277247,234.190242,234.104778,233.329823,233.810366,234.105145,233.591543,234.194177,233.912585,233.803412,233.819092,233.895365,233.583025,233.842520,233.932726,233.577953,233.644205
2025-09-10,239.560000,239.940000,239.940000,239.423315,238.630973,240.074097,239.880824,239.037455,239.970602,239.881704,239.082832,239.577222,239.879798,239.358876,239.973645,239.676973,239.557326,239.579190,239.656502,239.314170,239.608350,239.691308,239.324717,239.394733
2025-09-11,240.780000,239.560000,239.560000,238.959808,238.250973,239.678842,239.499861,238.647215,239.587256,239.501340,238.688462,239.192922,239.500386,238.971411,239.590775,239.297940,239.178379,239.200524,239.277225,238.934673,239.228743,239.316455,238.914129,238.985844
2025-09-12,241.380000,240.780000,240.780000,240.224153,239.470973,240.906943,240.718951,239.856822,240.806505,240.720748,239.899621,240.407894,240.720760,240.192835,240.812029,240.514696,240.392800,240.416363,240.493125,240.145490,240.445584,240.535423,240.100503,240.172266
2025-09-15,251.760000,241.380000,241.380000,240.678451,240.070973,241.480326,241.318420,240.447919,241.405582,241.320424,240.492209,241.004112,241.320082,240.789859,241.412671,241.113114,240.989886,241.014329,241.091066,240.740277,241.043977,241.137128,240.666827,240.739947
2025-09-16,251.420000,251.760000,251.760000,251.109726,250.450973,251.869692,251.691973,250.802101,251.786896,251.695065,250.817426,251.366335,251.690213,251.138957,251.792004,251.466514,251.323377,251.360506,251.437904,251.023723,251.401154,251.478539,251.005843,251.081248
2025-09-17,249.850000,251.420000,251.420000,250.735522,250.110973,251.523444,251.349641,250.443661,251.441643,251.354187,250.451825,251.021743,251.351425,250.789806,251.448133,251.127225,250.983771,251.021767,251.098089,250.679924,251.061156,251.144274,250.625014,250.702925
2025-09-18,252.330000,249.850000,249.850000,249.437140,248.540973,250.003064,249.779786,248.857259,249.869625,249.784993,248.876337,249.451387,249.786044,249.231195,249.879635,249.561110,249.420333,249.456801,249.532720,249.124063,249.493917,249.586836,249.011431,249.093387
2025-09-19,255.240000,252.330000,252.330000,251.188337,251.020973,252.349925,252.258688,251.316863,252.350067,252.264163,251.354456,251.926390,252.263320,251.697252,252.362655,252.034940,251.890496,251.928871,252.004937,251.594740,251.968505,252.066887,251.445933,251.532484
2025-09-22,252.880000,255.240000,255.240000,254.509348,253.930973,255.335009,255.166754,254.206524,255.259429,255.172718,254.268205,254.830240,255.170458,254.602984,255.270611,254.937788,254.789323,254.829776,254.905646,254.498284,254.872367,254.977996,254.309770,254.397690
2025-09-23,252.340000,252.880000,252.880000,251.592620,251.570973,252.873305,252.807328,251.833435,252.897228,252.813610,251.915477,252.470985,252.813537,252.256464,252.908985,252.583531,252.439821,252.477181,252.552734,252.165073,252.516839,252.635557,251.908266,251.997201
2025-09-24,247.830000,252.340000,252.340000,251.204650,251.030973,252.361078,252.268025,251.279136,252.357522,252.274197,251.375477,251.930790,252.274576,251.718591,252.371503,252.044888,251.902375,251.938832,252.014530,251.633372,251.977866,252.105274,251.327606,251.421930
2025-09-25,246.570000,247.830000,247.830000,246.843687,246.520973,247.878304,247.760993,246.759528,247.846983,247.766566,246.888928,247.426324,247.768399,247.213221,247.861404,247.546216,247.413052,247.443177,247.518864,247.173844,247.477422,247.626351,246.780830,246.878576
2025-09-26,247.180000,246.570000,246.570000,246.291412,245.260973,246.747593,246.503125,245.488913,246.588906,246.507806,245.653693,246.168700,246.509297,245.963211,246.602558,246.289520,246.160365,246.187130,246.263306,245.944243,246.220470,246.387548,245.485185,245.588517
2025-09-29,244.360000,247.180000,247.180000,247.125621,245.870973,247.398552,247.113678,246.087294,247.200388,247.117772,246.274097,246.778044,247.117051,246.586059,247.212793,246.898020,246.769134,246.795068,246.871659,246.564024,246.829471,247.008257,246.063145,246.170423
2025-09-30,243.550000,244.360000,244.360000,243.927717,243.050973,244.509516,244.295536,243.261661,244.380157,244.299154,243.481339,243.962249,244.299741,243.744110,244.391266,244.085281,243.963764,243.984271,244.060728,243.790563,244.015864,244.218383,243.218654,243.328255
2025-10-01,245.540000,243.550000,243.550000,243.127251,242.240973,243.701257,243.486778,242.448184,243.571447,243.489894,242.718471,243.154553,243.490554,242.972467,243.582654,243.277426,243.160810,243.176881,243.253582,243.032022,243.207923,243.444296,242.384853,242.497204
2025-10-02,246.430000,245.540000,245.540000,245.321646,244.230973,245.728597,245.476007,244.433356,245.562730,245.478989,244.708495,245.142353,245.477401,244.952213,245.573179,245.262305,245.142622,245.160294,245.237386,245.011438,245.193719,245.429970,244.362717,244.475728
2025-10-03,246.450000,246.430000,246.430000,245.885078,245.120973,246.558939,246.365036,245.318218,246.452345,246.368275,245.598196,246.031015,246.366502,245.846118,246.461340,246.150002,246.029157,246.047440,246.124447,245.900381,246.081782,246.320770,245.241492,245.354979
2025-10-06,251.510000,246.450000,246.450000,245.545455,245.140973,246.513242,246.384541,245.334008,246.471753,246.388085,245.618215,246.051058,246.387132,245.857936,246.481200,246.169910,246.049444,246.067410,246.144258,245.924799,246.101654,246.344516,245.252662,245.369718
2025-10-07,247.130000,251.510000,251.510000,250.839722,250.200973,251.616038,251.441325,250.383264,251.532472,251.445542,250.668155,251.104053,251.442389,250.913266,251.542078,251.217125,251.087787,251.111178,251.188173,250.952167,251.150800,251.386941,250.299719,250.421028
2025-10-08,245.460000,247.130000,247.130000,246.718591,245.820973,247.283329,247.062520,246.003064,247.149206,247.067139,246.296768,246.728951,247.067176,246.538188,247.159471,246.848084,246.727130,246.745364,246.821600,246.613227,246.779779,247.029412,245.914228,246.038421
2025-10-09,242.210000,245.460000,245.460000,245.133076,244.150973,245.628763,245.394112,244.333801,245.480016,245.398414,244.639555,245.062278,245.400198,244.886768,245.491993,245.182390,245.065199,245.080745,245.157092,244.967074,245.113400,245.369572,244.238108,244.367031
2025-10-10,237.490000,242.210000,242.210000,242.051071,240.900973,242.409453,242.146867,241.088378,242.230510,242.150399,241.411143,241.817979,242.152061,241.631530,242.243330,241.940901,241.830750,241.841419,241.917729,241.758082,241.870848,242.136259,240.988114,241.119738
2025-10-13,244.640000,237.490000,237.490000,237.682450,236.180973,237.753643,237.431095,236.377261,237.511621,237.433392,236.726510,237.107107,237.436924,236.938917,237.522877,237.233525,237.133346,237.137270,237.213347,237.100801,237.162152,237.438941,236.272451,236.403794
2025-10-14,246.190000,244.640000,244.640000,244.937626,243.330973,244.922857,244.578228,243.522916,244.665916,244.580171,243.860506,244.247568,244.577202,244.071092,244.674850,244.364709,244.251369,244.263126,244.340841,244.185043,244.296209,244.550987,243.428555,243.560130
2025-10-15,251.710000,246.190000,246.190000,246.482718,244.880973,246.471960,246.125901,245.069795,246.213980,246.128504,245.399868,245.793847,246.124655,245.606006,246.220849,245.910647,245.794336,245.808183,245.885507,245.719028,245.842745,246.092537,244.986103,245.114268
2025-10-16,251.880000,251.710000,251.710000,251.489013,250.400973,251.898116,251.641560,250.580736,251.733599,251.645361,250.901216,251.305498,251.641731,251.116397,251.740137,251.416651,251.289867,251.310545,251.387723,251.193257,251.350729,251.587102,250.507848,250.635793
2025-10-17,253.790000,251.880000,251.880000,251.674798,250.570973,252.070999,251.809676,250.746702,251.900481,251.814626,251.063417,251.473553,251.812255,251.287557,251.910124,251.586124,251.458619,251.480165,251.556597,251.360860,251.519872,251.756367,250.680633,250.808994
2025-10-20,257.020000,253.790000,253.790000,253.395216,252.480973,253.946366,253.717915,252.652985,253.809600,253.723672,252.958775,253.380252,253.722291,253.192117,253.820538,253.491369,253.359598,253.384212,253.460351,253.246893,253.425544,253.657786,252.591610,252.720154
2025-10-21,251.340000,257.020000,257.020000,256.559871,255.710973,257.164429,256.945521,255.877437,257.038830,256.952059,256.170163,256.604912,256.949529,256.415567,257.050722,256.713486,256.574909,256.604277,256.680037,256.442882,256.648726,256.874197,255.817968,255.948028
2025-10-22,252.530000,251.340000,251.340000,250.708735,250.030973,251.453165,251.267709,250.202033,251.355752,251.274419,250.495370,250.930669,251.275519,250.744746,251.368890,251.047322,250.918876,250.942060,251.017429,250.801979,250.979848,251.218971,250.137065,250.266587
2025-10-23,253.730000,252.530000,252.530000,252.147852,251.220973,252.688674,252.458177,251.391792,252.547784,252.464495,251.683467,252.119402,252.464948,251.934811,252.562339,252.234441,252.103612,252.128189,252.204022,251.980140,252.167432,252.404232,251.320884,251.451799
2025-10-24,260.510000,253.730000,253.730000,253.501914,252.420973,253.916819,253.657786,252.590216,253.748053,253.663958,252.878530,253.317007,253.662101,253.128468,253.761912,253.431496,253.298247,253.324388,253.400307,253.168554,253.365037,253.599955,252.514236,252.644833
2025-10-27,269.930000,260.510000,260.510000,260.171101,259.200973,260.676575,260.433978,259.361531,260.528913,260.440761,259.631317,260.087625,260.436777,259.891546,260.540132,260.195185,260.048700,260.083629,260.159193,259.886560,260.131659,260.352474,259.282948,259.414926
2025-10-28,268.430000,269.930000,269.930000,269.700386,268.620973,270.116540,269.847741,268.767082,269.947650,269.856186,269.014356,269.495253,269.850197,269.287160,269.958784,269.593598,269.428842,269.476334,269.550017,269.229891,269.534190,269.738030,268.684429,268.818863
2025-10-29,275.170000,268.430000,268.430000,267.951470,267.120973,268.571067,268.345812,267.261230,268.442251,268.356005,267.507930,267.993655,268.353182,267.788556,268.456513,268.096778,267.934650,267.980834,268.053551,267.743203,268.035843,268.246221,267.165855,267.302660
2025-10-30,281.900000,275.170000,275.170000,274.861889,273.860973,275.342200,275.082199,273.991274,275.182340,275.093565,274.226058,274.725703,275.090668,274.527277,275.199658,274.822007,274.646777,274.702042,274.773182,274.433063,274.763821,274.963566,273.880964,274.021998
2025-10-31,281.820000,281.900000,281.900000,280.950542,280.590973,281.955037,281.808100,280.710966,281.910343,281.820797,280.930302,281.447155,281.816080,281.232841,281.928993,281.537874,281.349482,281.414194,281.482939,281.113158,281.482511,281.672235,280.583766,280.725852
2025-11-03,284.120000,281.820000,281.820000,280.587160,280.510973,281.823268,281.726412,280.625356,281.826517,281.740491,280.842504,281.364294,281.737595,281.161921,281.846462,281.457922,281.269237,281.334560,281.402425,281.034342,281.401691,281.594202,280.474667,280.617974
2025-11-04,278.060000,284.120000,284.120000,282.844882,282.810973,284.115545,284.025000,282.920583,284.125606,284.039849,283.121893,283.660340,284.037442,283.457967,284.148937,283.753222,283.559331,283.628638,283.695513,283.307180,283.697591,283.887352,282.744229,282.890274
2025-11-05,284.750000,278.060000,278.060000,277.147353,276.750973,278.121762,277.966751,276.860855,278.062994,277.982016,277.066076,277.603484,277.981172,277.401429,278.088635,277.705618,277.522652,277.584627,277.652785,277.284752,277.646357,277.849671,276.654571,276.803219
2025-11-06,285.340000,284.750000,284.750000,284.363502,283.440973,284.907880,284.655316,283.543859,284.756044,284.670262,283.735220,284.286696,284.667525,284.091167,284.780707,284.381998,284.186017,284.256961,284.323800,283.922720,284.326232,284.519512,283.306875,283.459923
2025-11-07,279.700000,285.340000,285.340000,284.728751,284.030973,285.456822,285.244494,284.129138,285.344208,285.259783,284.316736,284.874004,285.255811,284.658078,285.368540,284.970785,284.773753,284.845516,284.911805,284.508183,284.915129,285.112015,283.860697,284.016238
2025-11-10,290.590000,279.700000,279.700000,279.463163,278.390973,279.885220,279.606157,278.488431,279.702315,279.621752,278.702170,279.237452,279.620750,279.040273,279.727271,279.342213,279.156657,279.220244,279.287902,278.924733,279.283355,279.504390,278.184621,278.343132
2025-11-11,291.740000,290.590000,290.590000,290.292830,289.280973,290.764198,290.493251,289.369609,290.596106,290.508540,289.575576,290.118276,290.504409,289.916001,290.621441,290.210547,290.004838,290.082272,290.147143,289.747420,290.157629,290.364609,289.035845,289.198169
2025-11-12,287.430000,291.740000,291.740000,291.122212,290.430973,291.855627,291.641494,290.514541,291.742882,291.657614,290.723403,291.265358,291.652530,291.060553,291.767643,291.358277,291.150624,291.229586,291.293308,290.897655,291.305591,291.518083,290.150553,290.312265
2025-11-13,279.120000,287.430000,287.430000,286.525748,286.120973,287.493295,287.332032,286.203661,287.430548,287.348959,286.420076,286.957583,287.347077,286.762591,287.456543,287.056539,286.857038,286.930366,286.995102,286.618771,287.001054,287.226098,285.809095,285.971346
2025-11-14,276.980000,279.120000,279.120000,278.083386,277.810973,279.159115,279.025339,277.896589,279.119932,279.042180,278.134110,278.654421,279.042387,278.462693,279.150094,278.763338,278.579834,278.641882,278.709148,278.373294,278.703404,278.950287,277.473083,277.638205
2025-11-17,285.600000,276.980000,276.980000,276.273141,275.670973,277.079356,276.887986,275.757965,276.982836,276.903654,276.008038,276.516727,276.902970,276.336609,277.012008,276.627929,276.448715,276.507438,276.576098,276.254176,276.567323,276.823116,275.308685,275.476092
2025-11-18,284.960000,285.600000,285.600000,284.893800,284.290973,285.699476,285.506092,284.372820,285.606392,285.520867,284.606027,285.129235,285.515954,284.933791,285.630676,285.230366,285.034861,285.104657,285.171643,284.808755,285.174808,285.414700,283.902543,284.071050
2025-11-19,292.990000,284.960000,284.960000,284.003509,283.650973,285.013752,284.865266,283.730650,284.963880,284.880482,283.966802,284.488629,284.875801,284.290802,284.987015,284.591581,284.397702,284.466386,284.533053,284.179869,284.535632,284.786634,283.236040,283.406308
2025-11-20,289.980000,292.990000,292.990000,292.124728,291.680973,293.060416,292.892128,291.754040,292.994823,292.907820,291.984694,292.512582,292.903127,292.315611,293.018863,292.605965,292.397445,292.476419,292.540251,292.166168,292.554232,292.800810,291.234194,291.411440
2025-11-21,299.650000,289.980000,289.980000,289.043608,288.670973,290.037424,289.881561,288.741983,289.981092,289.898341,288.987986,289.503824,289.894418,289.300314,290.007917,289.601619,289.399393,289.473943,289.538044,289.192889,289.547686,289.819733,288.198610,288.382370
2025-11-24,318.470000,299.650000,299.650000,299.014254,298.340973,299.762347,299.548452,298.404548,299.652847,299.565525,298.648424,299.167134,299.561101,298.977850,299.679367,299.253600,299.033396,299.120840,299.181226,298.814659,299.204739,299.471177,297.838382,298.030538
2025-11-25,323.640000,318.470000,318.470000,317.471534,317.160973,318.516084,318.362498,317.214927,318.472526,318.379815,317.428507,317.976047,318.372935,317.771657,318.497984,318.041883,317.786714,317.900397,317.951006,317.525227,318.003325,318.240639,316.624245,316.822414
2025-11-26,320.280000,323.640000,323.640000,321.579678,322.330973,323.492102,323.528651,322.378465,323.636003,323.547716,322.584822,323.141259,323.541618,322.932946,323.664564,323.203771,322.939057,323.060500,323.106502,322.675431,323.166679,323.405191,321.757389,321.960617
2025-11-28,320.120000,320.280000,320.280000,318.798180,318.970973,320.237784,320.167295,319.014934,320.271360,320.188438,319.226558,319.780894,320.184906,319.587222,320.306570,319.848783,319.589850,319.707309,319.753982,319.339288,319.808135,320.057584,318.362461,318.572790
2025-12-01,315.120000,320.120000,320.120000,319.149496,318.810973,320.171192,320.006842,318.852744,320.110992,320.028815,319.063318,319.619291,320.025638,319.424629,320.150968,319.689014,319.430153,319.547710,319.594164,319.180154,319.647351,319.899123,318.169389,318.385327
2025-12-02,316.020000,315.120000,315.120000,314.451217,313.810973,315.226311,315.007607,313.852496,315.110083,315.030278,314.069865,314.619959,315.027052,314.434341,315.149448,314.696880,314.446929,314.557875,314.606833,314.208956,314.651844,314.914261,313.139503,313.359720
2025-12-03,320.620000,316.020000,316.020000,315.601581,314.710973,316.172048,315.908063,314.752609,316.011847,315.930404,314.967130,315.517848,315.926908,315.326340,316.050051,315.595490,315.343963,315.455972,315.504820,315.101614,315.550992,315.812614,314.010432,314.233679
2025-12-04,318.390000,320.620000,320.620000,320.546897,319.310973,320.835131,320.507574,319.349957,320.612885,320.529279,319.565920,320.113974,320.524488,319.923639,320.650063,320.188304,319.928368,320.046671,320.093234,319.683991,320.146568,320.403448,318.576774,318.800816
2025-12-05,322.090000,318.390000,318.390000,319.017157,317.080973,318.733056,318.277572,317.120224,318.381282,318.299692,317.336774,317.883813,318.295183,317.702644,318.418032,317.961748,317.705760,317.821166,317.868670,317.465586,317.918521,318.180669,316.318443,316.539087
2025-12-08,314.450000,322.090000,322.090000,321.643993,320.780973,322.237008,321.977030,320.819756,322.082195,321.998919,321.030146,321.581316,321.994641,321.390199,322.119776,321.656049,321.393498,321.513817,321.559391,321.144415,321.614912,321.871255,319.987935,320.208274
2025-12-09,317.750000,314.450000,314.450000,314.115386,313.140973,314.617358,314.337940,313.178599,314.439890,314.360781,313.409289,313.944461,314.356907,313.759455,314.478790,314.027970,313.779266,313.889270,313.938620,313.557106,313.982201,314.256411,312.321138,312.540157
2025-12-10,321.000000,317.750000,317.750000,316.834492,316.440973,317.811239,317.638054,316.477272,317.742448,317.660333,316.704491,317.242474,317.656594,317.064336,317.780836,317.322780,317.067868,317.182430,317.230558,316.836640,317.279138,317.547384,315.594965,315.813690
2025-12-11,313.700000,321.000000,321.000000,319.874974,319.690973,321.022964,320.887547,319.727279,320.992553,320.909424,319.940981,320.490317,320.904193,320.308745,321.029926,320.567727,320.306741,320.425911,320.472303,320.060004,320.526065,320.788542,318.818072,319.037213
2025-12-12,310.520000,313.700000,313.700000,312.654677,312.390973,313.737524,313.588417,312.430361,313.690319,313.611173,312.643611,313.193778,313.607202,313.012169,313.727435,313.279205,313.031601,313.140787,313.190735,312.793065,313.233155,313.510494,311.492887,311.709632
2025-12-15,309.320000,310.520000,310.520000,309.067077,309.210973,310.483063,310.409661,309.251848,310.511685,310.432393,309.474643,310.015718,310.429337,309.828646,310.550622,310.104445,309.863037,309.967432,310.019360,309.637468,310.056807,310.346257,308.284689,308.506286
2025-12-16,307.730000,309.320000,309.320000,308.082996,308.010973,309.322507,309.210711,308.052056,309.313041,309.232930,308.289467,308.816402,309.228860,308.638533,309.351196,308.906498,308.667547,308.769912,308.822880,308.459124,308.858590,309.166324,307.058266,307.285473
2025-12-17,298.060000,307.730000,307.730000,306.831874,306.420973,307.794414,307.621620,306.463930,307.723705,307.643423,306.707929,307.227421,307.639219,307.040814,307.759208,307.319203,307.083552,307.183290,307.237308,306.885444,307.270795,307.588684,305.450048,305.682486
2025-12-18,303.750000,298.060000,298.060000,298.243827,296.750973,298.322068,297.954399,296.798506,298.052940,297.976239,297.066104,297.564123,297.973685,297.392035,298.088577,297.666184,297.448876,297.535098,297.593516,297.289473,297.612691,297.963736,295.769127,296.007052
2025-12-19,308.610000,303.750000,303.750000,304.050104,302.440973,304.033310,303.644615,302.490298,303.747287,303.665074,302.757945,303.251284,303.661029,303.076152,303.782166,303.346170,303.118707,303.211858,303.268846,302.952888,303.296601,303.638663,301.450263,301.693858
2025-12-22,311.330000,308.610000,308.610000,308.598997,307.300973,308.836476,308.503451,307.348290,308.607369,308.523384,307.623906,308.108555,308.517261,307.919809,308.639242,308.197844,307.961483,308.061124,308.115876,307.802239,308.151366,308.496045,306.303867,306.548490
2025-12-23,315.680000,311.330000,311.330000,310.569705,310.020973,311.419594,311.222098,310.064335,311.326078,311.242300,310.349899,310.827374,311.236886,310.647708,311.357230,310.913265,310.671356,310.775372,310.828400,310.523295,310.868193,311.211490,309.022478,309.267492
2025-12-24,315.670000,315.680000,315.680000,315.152181,314.370973,315.812063,315.570461,314.411512,315.675308,315.590968,314.691698,315.175516,315.585774,315.001179,315.709014,315.256165,315.005921,315.116353,315.166803,314.849488,315.213256,315.547998,313.377257,313.624214
2025-12-26,314.960000,315.670000,315.670000,314.844288,314.360973,315.747643,315.559560,314.400696,315.663368,315.580776,314.675187,315.165605,315.575912,314.986306,315.698736,315.246131,314.995899,315.106478,315.156402,314.834627,315.202684,315.537891,313.374177,313.622209
2025-12-29,314.390000,314.960000,314.960000,314.322665,313.650973,315.072056,314.849231,313.690356,314.952599,314.870985,313.962989,314.455985,314.866805,314.281220,314.988897,314.537245,314.288211,314.398007,314.448029,314.126486,314.492992,314.829824,312.667687,312.919568
2025-12-30,314.550000,314.390000,314.390000,314.252786,313.080973,314.593419,314.279228,313.120964,314.382486,314.301202,313.391055,313.886092,314.296974,313.709506,314.419835,313.968146,313.720310,313.829202,313.879456,313.556520,313.923355,314.261617,312.101326,312.353904
2025-12-31,313.800000,314.550000,314.550000,314.043375,313.240973,314.685935,314.439242,313.280391,314.542708,314.461216,313.552462,314.045679,314.456841,313.865255,314.579641,314.127904,313.879737,313.988874,314.039055,313.717902,314.083112,314.421032,312.262855,312.516301
