Date,ActualUp,train-majority_p_up,train-majority_pred_up,dlinear-direction_p_up,dlinear-direction_pred_up,tsmixer-direction_p_up,tsmixer-direction_pred_up,patchtst-direction_p_up,patchtst-direction_pred_up,itransformer-direction_p_up,itransformer-direction_pred_up,nhits-direction_p_up,nhits-direction_pred_up,tide-direction_p_up,tide-direction_pred_up,timesnet-direction_p_up,timesnet-direction_pred_up,mamba-style-direction_p_up,mamba-style-direction_pred_up
2025-08-11,0,0.52745848894119263,1,0.4962087869644165,0,0.49246606230735779,0,0.60503804683685303,1,0.50638794898986816,1,0.52611249685287476,1,0.51542156934738159,1,0.62734144926071167,1,0.49640139937400818,0
2025-08-12,1,0.52745848894119263,1,0.50153344869613647,1,0.5065302848815918,1,0.61917859315872192,1,0.5182761549949646,1,0.53080558776855469,1,0.5325850248336792,1,0.62823724746704102,1,0.51169627904891968,1
2025-08-13,1,0.52745848894119263,1,0.49714276194572449,0,0.48380845785140991,0,0.6034436821937561,1,0.50377428531646729,1,0.52538710832595825,1,0.50189894437789917,1,0.62743884325027466,1,0.50667494535446167,1
2025-08-14,0,0.52745848894119263,1,0.50260829925537109,1,0.51956897974014282,1,0.61736196279525757,1,0.55971068143844604,1,0.53304135799407959,1,0.55877065658569336,1,0.62795835733413696,1,0.5242927074432373,1
2025-08-15,0,0.52745848894119263,1,0.50275117158889771,1,0.50878942012786865,1,0.60502684116363525,1,0.52078509330749512,1,0.52565461397171021,1,0.5239219069480896,1,0.62738686800003052,1,0.52783113718032837,1
2025-08-18,0,0.52745848894119263,1,0.49979135394096375,0,0.51113379001617432,1,0.61252570152282715,1,0.54606270790100098,1,0.5407339334487915,1,0.5305328369140625,1,0.62592673301696777,1,0.50804597139358521,1
2025-08-19,0,0.52745848894119263,1,0.5047757625579834,1,0.50842732191085815,1,0.60806870460510254,1,0.53236985206604004,1,0.53698611259460449,1,0.51638948917388916,1,0.62581413984298706,1,0.50906181335449219,1
2025-08-20,0,0.52745848894119263,1,0.50015372037887573,1,0.51459240913391113,1,0.61125946044921875,1,0.55575895309448242,1,0.53571772575378418,1,0.54225093126296997,1,0.6268460750579834,1,0.53388476371765137,1
2025-08-21,0,0.52745848894119263,1,0.5035165548324585,1,0.50839751958847046,1,0.60708647966384888,1,0.49678051471710205,0,0.53296679258346558,1,0.53125917911529541,1,0.62768959999084473,1,0.52036184072494507,1
2025-08-22,1,0.52745848894119263,1,0.49995225667953491,0,0.50702422857284546,1,0.61297839879989624,1,0.53528863191604614,1,0.52237802743911743,1,0.51638007164001465,1,0.62745434045791626,1,0.5375901460647583,1
2025-08-25,0,0.52745848894119263,1,0.50097835063934326,1,0.51920658349990845,1,0.6053779125213623,1,0.52122318744659424,1,0.52218854427337646,1,0.53454947471618652,1,0.62632942199707031,1,0.52959930896759033,1
2025-08-26,1,0.52745848894119263,1,0.49781081080436707,0,0.49723687767982483,0,0.61608469486236572,1,0.50057792663574219,1,0.52265709638595581,1,0.49256068468093872,0,0.62536513805389404,1,0.53692382574081421,1
2025-08-27,1,0.52745848894119263,1,0.49778321385383606,0,0.51447492837905884,1,0.60670667886734009,1,0.51743626594543457,1,0.52287405729293823,1,0.52075570821762085,1,0.62356358766555786,1,0.54587531089782715,1
2025-08-28,1,0.52745848894119263,1,0.49929836392402649,0,0.49756684899330139,0,0.61251610517501831,1,0.47372272610664368,0,0.51788544654846191,1,0.5203062891960144,1,0.62122946977615356,1,0.51636713743209839,1
2025-08-29,0,0.52745848894119263,1,0.50130057334899902,1,0.50190949440002441,1,0.60016638040542603,1,0.48964375257492065,0,0.52519965171813965,1,0.49687978625297546,0,0.61804914474487305,1,0.52901095151901245,1
2025-09-02,0,0.52745848894119263,1,0.49997752904891968,0,0.49410894513130188,0,0.60597670078277588,1,0.46275338530540466,0,0.52907627820968628,1,0.49833211302757263,0,0.60224521160125732,1,0.51788997650146484,1
2025-09-03,1,0.52745848894119263,1,0.50223833322525024,1,0.51101571321487427,1,0.59460282325744629,1,0.51109224557876587,1,0.52104586362838745,1,0.52320414781570435,1,0.57801896333694458,1,0.53631603717803955,1
2025-09-04,1,0.52745848894119263,1,0.50390452146530151,1,0.50996279716491699,1,0.5986485481262207,1,0.53720062971115112,1,0.52324634790420532,1,0.53889584541320801,1,0.52877670526504517,1,0.5114477276802063,1
2025-09-05,0,0.52745848894119263,1,0.50023716688156128,1,0.49290302395820618,0,0.59429889917373657,1,0.49072763323783875,0,0.51037895679473877,1,0.49295151233673096,0,0.47713771462440491,0,0.48897308111190796,0
2025-09-08,0,0.52745848894119263,1,0.50289344787597656,1,0.50051325559616089,1,0.59417593479156494,1,0.50581717491149902,1,0.52630531787872314,1,0.4998132586479187,0,0.49043154716491699,0,0.51402288675308228,1
2025-09-09,0,0.52745848894119263,1,0.49874922633171082,0,0.50974613428115845,1,0.59301769733428955,1,0.50726544857025146,1,0.51695561408996582,1,0.52863973379135132,1,0.50894069671630859,1,0.52592158317565918,1
2025-09-10,0,0.52745848894119263,1,0.50325256586074829,1,0.50485199689865112,1,0.58852368593215942,1,0.51572579145431519,1,0.51727497577667236,1,0.49979087710380554,0,0.50642615556716919,1,0.52723079919815063,1
2025-09-11,1,0.52745848894119263,1,0.49736618995666504,0,0.50127947330474854,1,0.59014105796813965,1,0.52214169502258301,1,0.5181957483291626,1,0.50104886293411255,1,0.48933357000350952,0,0.53129565715789795,1
2025-09-12,1,0.52745848894119263,1,0.5021507740020752,1,0.51901853084564209,1,0.59193283319473267,1,0.50926846265792847,1,0.51990479230880737,1,0.52496176958084106,1,0.52877825498580933,1,0.53800958395004272,1
2025-09-15,1,0.52745848894119263,1,0.49684995412826538,0,0.50223278999328613,1,0.58420300483703613,1,0.49947169423103333,0,0.50857394933700562,1,0.50482732057571411,1,0.46636244654655457,0,0.53573215007781982,1
2025-09-16,1,0.52745848894119263,1,0.49836492538452148,0,0.50172924995422363,1,0.5885779857635498,1,0.47665178775787354,0,0.51882582902908325,1,0.51403683423995972,1,0.47794884443283081,0,0.52326363325119019,1
2025-09-17,1,0.52745848894119263,1,0.49751803278923035,0,0.49963465332984924,0,0.58283555507659912,1,0.48032209277153015,0,0.51930302381515503,1,0.5037006139755249,1,0.4533420205116272,0,0.51740527153015137,1
2025-09-18,0,0.52745848894119263,1,0.49734541773796082,0,0.49290764331817627,0,0.58747762441635132,1,0.45734140276908875,0,0.51809132099151611,1,0.51019030809402466,1,0.49346435070037842,0,0.53638541698455811,1
2025-09-19,1,0.52745848894119263,1,0.50042033195495605,1,0.47949829697608948,0,0.58565759658813477,1,0.47473922371864319,0,0.50926482677459717,1,0.48879832029342651,0,0.5000879168510437,1,0.5208325982093811,1
2025-09-22,1,0.52745848894119263,1,0.49683865904808044,0,0.47965490818023682,0,0.58438730239868164,1,0.4594140350818634,0,0.51235878467559814,1,0.49374666810035706,0,0.47328385710716248,0,0.52304714918136597,1
2025-09-23,0,0.52745848894119263,1,0.50044935941696167,1,0.51885110139846802,1,0.5854719877243042,1,0.51048785448074341,1,0.52363324165344238,1,0.52801567316055298,1,0.45876199007034302,0,0.51310908794403076,1
2025-09-24,0,0.52745848894119263,1,0.50017929077148438,1,0.49505770206451416,0,0.58323121070861816,1,0.49593877792358398,0,0.51594150066375732,1,0.49761024117469788,0,0.47139674425125122,0,0.51064133644104004,1
2025-09-25,1,0.52745848894119263,1,0.49624225497245789,0,0.4944203794002533,0,0.58564841747283936,1,0.53328341245651245,1,0.52070695161819458,1,0.51442474126815796,1,0.51328021287918091,1,0.51236128807067871,1
2025-09-26,0,0.52745848894119263,1,0.50393533706665039,1,0.49549761414527893,0,0.58395165205001831,1,0.51458066701889038,1,0.52132529020309448,1,0.50069731473922729,1,0.54516333341598511,1,0.5204695463180542,1
2025-09-29,0,0.52745848894119263,1,0.49690753221511841,0,0.49551758170127869,0,0.58687722682952881,1,0.46644622087478638,0,0.51188504695892334,1,0.50584995746612549,1,0.53764855861663818,1,0.5281175971031189,1
2025-09-30,1,0.52745848894119263,1,0.50483155250549316,1,0.51374936103820801,1,0.58996707201004028,1,0.50250899791717529,1,0.52623623609542847,1,0.52942299842834473,1,0.54237163066864014,1,0.54161101579666138,1
2025-10-01,1,0.52745848894119263,1,0.49846005439758301,0,0.50040173530578613,1,0.58827191591262817,1,0.50004422664642334,1,0.52054202556610107,1,0.49004420638084412,0,0.54221498966217041,1,0.5219120979309082,1
2025-10-02,1,0.52745848894119263,1,0.50089669227600098,1,0.52235066890716553,1,0.59801775217056274,1,0.53141981363296509,1,0.53214001655578613,1,0.53175193071365356,1,0.564491868019104,1,0.53221505880355835,1
2025-10-03,1,0.52745848894119263,1,0.50234812498092651,1,0.49879828095436096,0,0.59678089618682861,1,0.52369600534439087,1,0.52261686325073242,1,0.52786022424697876,1,0.58849310874938965,1,0.55046868324279785,1
2025-10-06,0,0.52745848894119263,1,0.49253407120704651,0,0.49015620350837708,0,0.59944993257522583,1,0.472760409116745,0,0.50992715358734131,1,0.49620574712753296,0,0.58015751838684082,1,0.52075046300888062,1
2025-10-07,0,0.52745848894119263,1,0.50339090824127197,1,0.49546635150909424,0,0.59957289695739746,1,0.47687897086143494,0,0.52381259202957153,1,0.49299547076225281,0,0.56134682893753052,1,0.5393025279045105,1
2025-10-08,1,0.52745848894119263,1,0.4962974488735199,0,0.49202308058738708,0,0.59637880325317383,1,0.47126194834709167,0,0.5062679648399353,1,0.48739328980445862,0,0.53034204244613647,1,0.52041947841644287,1
2025-10-09,0,0.52745848894119263,1,0.50314855575561523,1,0.49606287479400635,0,0.59891825914382935,1,0.4981379508972168,0,0.51724016666412354,1,0.51588523387908936,1,0.54964470863342285,1,0.52748996019363403,1
2025-10-10,0,0.52745848894119263,1,0.49952498078346252,0,0.49840602278709412,0,0.59672200679779053,1,0.5042458176612854,1,0.51851928234100342,1,0.51450586318969727,1,0.53355705738067627,1,0.52865785360336304,1
2025-10-13,1,0.52745848894119263,1,0.50077259540557861,1,0.50463420152664185,1,0.59856420755386353,1,0.5270235538482666,1,0.5225679874420166,1,0.52419352531433105,1,0.51967090368270874,1,0.52384334802627563,1
2025-10-14,1,0.52745848894119263,1,0.5010836124420166,1,0.48234376311302185,0,0.59444504976272583,1,0.47058865427970886,0,0.51319503784179688,1,0.46793994307518005,0,0.58349770307540894,1,0.52389317750930786,1
2025-10-15,1,0.52745848894119263,1,0.49756845831871033,0,0.50203830003738403,1,0.5929068922996521,1,0.47428882122039795,0,0.52127021551132202,1,0.49634325504302979,0,0.58719509840011597,1,0.50335133075714111,1
2025-10-16,0,0.52745848894119263,1,0.49899625778198242,0,0.50630515813827515,1,0.59844285249710083,1,0.49579736590385437,0,0.52418506145477295,1,0.52989286184310913,1,0.55264043807983398,1,0.51637345552444458,1
2025-10-17,1,0.52745848894119263,1,0.50007081031799316,1,0.50407177209854126,1,0.59342730045318604,1,0.51431596279144287,1,0.51171237230300903,1,0.50468504428863525,1,0.5114859938621521,1,0.51846939325332642,1
2025-10-20,1,0.52745848894119263,1,0.49953052401542664,0,0.49121108651161194,0,0.5999329686164856,1,0.47322607040405273,0,0.51358532905578613,1,0.49137589335441589,0,0.58749502897262573,1,0.52567088603973389,1
2025-10-21,1,0.52745848894119263,1,0.50063842535018921,1,0.50036579370498657,1,0.59502631425857544,1,0.48653993010520935,0,0.5232841968536377,1,0.51071590185165405,1,0.60099732875823975,1,0.52956926822662354,1
2025-10-22,0,0.52745848894119263,1,0.4965304434299469,0,0.51611208915710449,1,0.60709637403488159,1,0.50989526510238647,1,0.5202065110206604,1,0.51513350009918213,1,0.60403501987457275,1,0.52549958229064941,1
2025-10-23,1,0.52745848894119263,1,0.4965912401676178,0,0.48558065295219421,0,0.59573256969451904,1,0.50559067726135254,1,0.50921821594238281,1,0.49785807728767395,0,0.55362552404403687,1,0.5255013108253479,1
2025-10-24,1,0.52745848894119263,1,0.50325906276702881,1,0.4987272322177887,0,0.60710293054580688,1,0.49643561244010925,0,0.51918512582778931,1,0.50902581214904785,1,0.60465788841247559,1,0.49828654527664185,0
2025-10-27,1,0.52745848894119263,1,0.49551266431808472,0,0.4972679615020752,0,0.59468990564346313,1,0.52232980728149414,1,0.52102261781692505,1,0.51029789447784424,1,0.59780389070510864,1,0.51536041498184204,1
2025-10-28,1,0.52745848894119263,1,0.50372260808944702,1,0.50425106287002563,1,0.59962880611419678,1,0.48520082235336304,0,0.52776104211807251,1,0.52811366319656372,1,0.6074867844581604,1,0.51051253080368042,1
2025-10-29,1,0.52745848894119263,1,0.49579912424087524,0,0.48966774344444275,0,0.58784842491149902,1,0.50414168834686279,1,0.513499915599823,1,0.50642585754394531,1,0.58221960067749023,1,0.52824676036834717,1
2025-10-30,1,0.52745848894119263,1,0.50374549627304077,1,0.51152372360229492,1,0.59730249643325806,1,0.51502728462219238,1,0.52936238050460815,1,0.50748926401138306,1,0.59027904272079468,1,0.53257346153259277,1
2025-10-31,0,0.52745848894119263,1,0.49935150146484375,0,0.50514096021652222,1,0.58132082223892212,1,0.52127867937088013,1,0.52444058656692505,1,0.5146368145942688,1,0.58897340297698975,1,0.52357447147369385,1
2025-11-03,0,0.52745848894119263,1,0.50060206651687622,1,0.51325708627700806,1,0.5944446325302124,1,0.50072169303894043,1,0.52430516481399536,1,0.53752273321151733,1,0.60447794198989868,1,0.50761634111404419,1
2025-11-04,1,0.52745848894119263,1,0.49808511137962341,0,0.4821031391620636,0,0.58605891466140747,1,0.50631135702133179,1,0.51099532842636108,1,0.5043870210647583,1,0.60069286823272705,1,0.50626939535140991,1
2025-11-05,1,0.52745848894119263,1,0.4982001781463623,0,0.48592293262481689,0,0.59220361709594727,1,0.48596847057342529,0,0.51801127195358276,1,0.48902785778045654,0,0.61033987998962402,1,0.51116937398910522,1
2025-11-06,0,0.52745848894119263,1,0.49785074591636658,0,0.5007704496383667,1,0.59199666976928711,1,0.49523982405662537,0,0.52252554893493652,1,0.50332653522491455,1,0.6022188663482666,1,0.53650927543640137,1
2025-11-07,0,0.52745848894119263,1,0.4995320737361908,0,0.51850634813308716,1,0.59427875280380249,1,0.50777244567871094,1,0.53287720680236816,1,0.52319943904876709,1,0.60898125171661377,1,0.53577744960784912,1
2025-11-10,1,0.52745848894119263,1,0.49992609024047852,0,0.49848932027816772,0,0.60238432884216309,1,0.52370232343673706,1,0.51743406057357788,1,0.51669842004776001,1,0.61307370662689209,1,0.55578076839447021,1
2025-11-11,1,0.52745848894119263,1,0.50080609321594238,1,0.50113207101821899,1,0.59552675485610962,1,0.5059196949005127,1,0.51690924167633057,1,0.4984474778175354,0,0.62171882390975952,1,0.53442400693893433,1
2025-11-12,0,0.52745848894119263,1,0.500130295753479,1,0.49714842438697815,0,0.6091424822807312,1,0.4650840163230896,0,0.52329510450363159,1,0.48636063933372498,0,0.61910027265548706,1,0.53102332353591919,1
2025-11-13,0,0.52745848894119263,1,0.49833589792251587,0,0.50719493627548218,1,0.60049980878829956,1,0.51501607894897461,1,0.52594953775405884,1,0.54096370935440063,1,0.60286462306976318,1,0.53439265489578247,1
2025-11-14,0,0.52745848894119263,1,0.50516104698181152,1,0.51051223278045654,1,0.61238795518875122,1,0.53924977779388428,1,0.52726048231124878,1,0.55020976066589355,1,0.61203283071517944,1,0.52770066261291504,1
2025-11-17,0,0.52745848894119263,1,0.49730616807937622,0,0.49158257246017456,0,0.60285168886184692,1,0.49317529797554016,0,0.51842617988586426,1,0.50304102897644043,1,0.62516528367996216,1,0.54845857620239258,1
2025-11-18,0,0.52745848894119263,1,0.50333935022354126,1,0.50883710384368896,1,0.61583894491195679,1,0.54535412788391113,1,0.52967339754104614,1,0.53105616569519043,1,0.62757885456085205,1,0.5355987548828125,1
2025-11-19,1,0.52745848894119263,1,0.49792298674583435,0,0.47711765766143799,0,0.60584068298339844,1,0.47996833920478821,0,0.52066522836685181,1,0.49508562684059143,0,0.62392961978912354,1,0.52679216861724854,1
2025-11-20,0,0.52745848894119263,1,0.50235748291015625,1,0.52920985221862793,1,0.61913830041885376,1,0.52127945423126221,1,0.52191013097763062,1,0.53529417514801025,1,0.62504202127456665,1,0.52822548151016235,1
2025-11-21,1,0.52745848894119263,1,0.50013786554336548,1,0.51371580362319946,1,0.6085505485534668,1,0.52474498748779297,1,0.52668255567550659,1,0.51712900400161743,1,0.62652188539505005,1,0.54448121786117554,1
2025-11-24,1,0.52745848894119263,1,0.49942097067832947,0,0.52673906087875366,1,0.62205100059509277,1,0.53176426887512207,1,0.5325397253036499,1,0.53789246082305908,1,0.62713897228240967,1,0.54397875070571899,1
2025-11-25,1,0.52745848894119263,1,0.50046080350875854,1,0.5165245532989502,1,0.60858923196792603,1,0.534942626953125,1,0.5306583046913147,1,0.52683383226394653,1,0.62669891119003296,1,0.54331684112548828,1
2025-11-26,1,0.52745848894119263,1,0.49847012758255005,0,0.51230335235595703,1,0.62698179483413696,1,0.53548264503479004,1,0.53143018484115601,1,0.54848062992095947,1,0.6277194619178772,1,0.54426425695419312,1
2025-11-28,1,0.52745848894119263,1,0.50132453441619873,1,0.51198023557662964,1,0.61229622364044189,1,0.50520962476730347,1,0.53135931491851807,1,0.53877764940261841,1,0.62791651487350464,1,0.54394876956939697,1
2025-12-01,1,0.52745848894119263,1,0.49754542112350464,0,0.52091169357299805,1,0.62181437015533447,1,0.52046811580657959,1,0.52769356966018677,1,0.51895946264266968,1,0.62671077251434326,1,0.52641910314559937,1
2025-12-02,1,0.52745848894119263,1,0.50197958946228027,1,0.50077050924301147,1,0.61085277795791626,1,0.53560942411422729,1,0.52289146184921265,1,0.51899063587188721,1,0.62059473991394043,1,0.52593380212783813,1
2025-12-03,0,0.52745848894119263,1,0.50034332275390625,1,0.51170969009399414,1,0.61470657587051392,1,0.50321084260940552,1,0.52298706769943237,1,0.52224421501159668,1,0.61305886507034302,1,0.52494305372238159,1
2025-12-04,0,0.52745848894119263,1,0.50050973892211914,1,0.50745314359664917,1,0.61040329933166504,1,0.50646418333053589,1,0.53127807378768921,1,0.52321362495422363,1,0.61634689569473267,1,0.53927129507064819,1
2025-12-05,0,0.52745848894119263,1,0.50156134366989136,1,0.52420568466186523,1,0.61147111654281616,1,0.52685064077377319,1,0.53315287828445435,1,0.54251700639724731,1,0.62352359294891357,1,0.53250980377197266,1
2025-12-08,0,0.52745848894119263,1,0.50038516521453857,1,0.51845288276672363,1,0.60991579294204712,1,0.54815846681594849,1,0.52192199230194092,1,0.51961302757263184,1,0.61760979890823364,1,0.51965212821960449,1
2025-12-09,0,0.52745848894119263,1,0.50243282318115234,1,0.52536332607269287,1,0.61746591329574585,1,0.53513056039810181,1,0.52616250514984131,1,0.52965372800827026,1,0.60937166213989258,1,0.53861957788467407,1
2025-12-10,1,0.52745848894119263,1,0.49834585189819336,0,0.49505054950714111,0,0.60823619365692139,1,0.50133895874023438,1,0.51663833856582642,1,0.50323635339736938,1,0.60521525144577026,1,0.52818775177001953,1
2025-12-11,0,0.52745848894119263,1,0.50116151571273804,1,0.5264967679977417,1,0.6204756498336792,1,0.53298425674438477,1,0.52441990375518799,1,0.51490700244903564,1,0.62116163969039917,1,0.54127025604248047,1
2025-12-12,1,0.52745848894119263,1,0.49669134616851807,0,0.49928361177444458,0,0.60733461380004883,1,0.49906891584396362,0,0.51121640205383301,1,0.48316392302513123,0,0.61000180244445801,1,0.51892894506454468,1
2025-12-15,0,0.52745848894119263,1,0.50090265274047852,1,0.50765520334243774,1,0.61816519498825073,1,0.49529293179512024,0,0.51419675350189209,1,0.51443237066268921,1,0.56914705038070679,1,0.50068330764770508,1
2025-12-16,1,0.52745848894119263,1,0.49811917543411255,0,0.49363639950752258,0,0.60112911462783813,1,0.47106242179870605,0,0.51761627197265625,1,0.50966405868530273,1,0.55858379602432251,1,0.52779304981231689,1
2025-12-17,0,0.52745848894119263,1,0.49941405653953552,0,0.49936375021934509,0,0.61659395694732666,1,0.49013194441795349,0,0.5227014422416687,1,0.50084143877029419,1,0.60492658615112305,1,0.52884984016418457,1
2025-12-18,1,0.52745848894119263,1,0.49875545501708984,0,0.49853184819221497,0,0.59269130229949951,1,0.4952855110168457,0,0.51463866233825684,1,0.49456316232681274,0,0.58023524284362793,1,0.53139626979827881,1
2025-12-19,1,0.52745848894119263,1,0.49906358122825623,0,0.50913333892822266,1,0.6126444935798645,1,0.52122098207473755,1,0.5158349871635437,1,0.50895196199417114,1,0.50577324628829956,1,0.52509504556655884,1
2025-12-22,0,0.52745848894119263,1,0.49935239553451538,0,0.47828879952430725,0,0.58226364850997925,1,0.49080321192741394,0,0.51467698812484741,1,0.49454262852668762,0,0.44749525189399719,0,0.49737691879272461,0
2025-12-23,1,0.52745848894119263,1,0.49909552931785583,0,0.5096326470375061,1,0.60484826564788818,1,0.48080936074256897,0,0.51585400104522705,1,0.51193875074386597,1,0.48596322536468506,0,0.51319503784179688,1
2025-12-24,1,0.52745848894119263,1,0.50031077861785889,1,0.49924546480178833,0,0.57398045063018799,1,0.49992948770523071,0,0.50864595174789429,1,0.49262374639511108,0,0.49141919612884521,0,0.51474350690841675,1
2025-12-26,0,0.52745848894119263,1,0.49635994434356689,0,0.4938601553440094,0,0.59922736883163452,1,0.44115698337554932,0,0.51613211631774902,1,0.48028978705406189,0,0.49065220355987549,0,0.51254469156265259,1
2025-12-29,1,0.52745848894119263,1,0.49861714243888855,0,0.50513994693756104,1,0.57291823625564575,1,0.52247214317321777,1,0.51636630296707153,1,0.50259017944335938,1,0.47837686538696289,0,0.53240901231765747,1
2025-12-30,0,0.52745848894119263,1,0.49926918745040894,0,0.51719373464584351,1,0.60013121366500854,1,0.49915337562561035,0,0.51645791530609131,1,0.51332706212997437,1,0.49817904829978943,0,0.53396743535995483,1
2025-12-31,0,0.52745848894119263,1,0.49584591388702393,0,0.49110111594200134,0,0.57336980104446411,1,0.50007236003875732,1,0.50889313220977783,1,0.47876536846160889,0,0.49934569001197815,0,0.54204267263412476,1
