ticker,model,selected_by_validation,validation_mae,test_mae,test_rmse,test_mape_pct,test_mae_improvement_vs_naive_pct,naive_test_mae,epochs_run
GOOG,lstm,False,2.950176,3.069848,4.353889,1.267417,-0.063306,3.067905,6
GOOG,bidirectional-lstm,False,2.929716,3.256626,4.617099,1.339472,-6.151452,3.067905,15
GOOG,lstm-2path,False,2.953638,3.058674,4.335941,1.262491,0.300912,3.067905,6
GOOG,gru,False,2.949094,3.070018,4.353141,1.267540,-0.068868,3.067905,6
GOOG,bidirectional-gru,True,2.928024,3.212354,4.557918,1.323892,-4.708375,3.067905,15
GOOG,gru-2path,False,2.944017,3.115257,4.427958,1.285932,-1.543444,3.067905,15
GOOG,vanilla,False,2.949159,3.071407,4.354240,1.268269,-0.114133,3.067905,9
GOOG,bidirectional-vanilla,False,2.930711,3.152720,4.481374,1.301378,-2.764582,3.067905,15
GOOG,vanilla-2path,False,2.952590,3.059967,4.334896,1.263104,0.258755,3.067905,6
GOOG,lstm-seq2seq,False,2.947313,3.101304,4.403687,1.280403,-1.088637,3.067905,9
GOOG,bidirectional-lstm-seq2seq,False,2.945404,3.120109,4.437912,1.287560,-1.701606,3.067905,15
GOOG,lstm-seq2seq-vae,False,2.946141,3.117277,4.430372,1.286956,-1.609291,3.067905,15
GOOG,gru-seq2seq,False,2.947103,3.103974,4.411075,1.281237,-1.175673,3.067905,9
GOOG,bidirectional-gru-seq2seq,False,2.939378,3.154679,4.484508,1.301031,-2.828418,3.067905,15
GOOG,gru-seq2seq-vae,False,2.947619,3.114027,4.421490,1.286035,-1.503359,3.067905,13
GOOG,attention-is-all-you-need,False,2.941956,3.083826,4.374188,1.273894,-0.518942,3.067905,14
GOOG,cnn-seq2seq,False,2.942448,3.312986,4.683377,1.353754,-7.988538,3.067905,15
GOOG,dilated-cnn-seq2seq,False,2.943699,3.276799,4.635135,1.341221,-6.809003,3.067905,15
AAPL,lstm,False,3.234670,2.185167,3.089220,0.919016,0.677280,2.200068,6
AAPL,bidirectional-lstm,True,3.229012,2.184635,3.090367,0.918867,0.701456,2.200068,15
AAPL,lstm-2path,False,3.234336,2.185603,3.087989,0.919288,0.657453,2.200068,6
AAPL,gru,False,3.234099,2.185269,3.090552,0.918935,0.672621,2.200068,6
AAPL,bidirectional-gru,False,3.234281,2.188318,3.095946,0.920213,0.534044,2.200068,15
AAPL,gru-2path,False,3.234800,2.182684,3.080987,0.918106,0.790145,2.200068,6
AAPL,vanilla,False,3.233066,2.184255,3.087959,0.918558,0.718733,2.200068,6
AAPL,bidirectional-vanilla,False,3.235160,2.186314,3.092298,0.919381,0.625126,2.200068,6
AAPL,vanilla-2path,False,3.234806,2.185358,3.089449,0.919091,0.668590,2.200068,6
AAPL,lstm-seq2seq,False,3.237999,2.194695,3.106700,0.922842,0.244186,2.200068,7
AAPL,bidirectional-lstm-seq2seq,False,3.237327,2.192359,3.102698,0.921898,0.350388,2.200068,7
AAPL,lstm-seq2seq-vae,False,3.237165,2.192804,3.103726,0.922023,0.330168,2.200068,9
AAPL,gru-seq2seq,False,3.236949,2.192005,3.102037,0.921731,0.366485,2.200068,7
AAPL,bidirectional-gru-seq2seq,False,3.236960,2.191804,3.101940,0.921629,0.375614,2.200068,7
AAPL,gru-seq2seq-vae,False,3.237040,2.190561,3.099747,0.921240,0.432081,2.200068,7
AAPL,attention-is-all-you-need,False,3.236296,2.184475,3.084900,0.918893,0.708717,2.200068,14
AAPL,cnn-seq2seq,False,3.237710,2.191327,3.101194,0.921617,0.397293,2.200068,7
AAPL,dilated-cnn-seq2seq,False,3.237847,2.191448,3.101339,0.921660,0.391790,2.200068,7
TSLA,lstm,False,11.343404,9.635301,12.449796,2.512134,-2.711403,9.380946,9
TSLA,bidirectional-lstm,True,11.296534,9.869729,12.765647,2.566279,-5.210380,9.380946,15
TSLA,lstm-2path,False,11.352687,9.580809,12.379640,2.499786,-2.130523,9.380946,13
TSLA,gru,False,11.351674,9.640398,12.448645,2.514441,-2.765732,9.380946,9
TSLA,bidirectional-gru,False,11.319704,9.782184,12.652228,2.546144,-4.277156,9.380946,15
TSLA,gru-2path,False,11.349305,9.563377,12.359334,2.495707,-1.944693,9.380946,9
TSLA,vanilla,False,11.356209,9.574769,12.364946,2.498717,-2.066134,9.380946,9
TSLA,bidirectional-vanilla,False,11.302701,10.008822,12.913951,2.602036,-6.693105,9.380946,15
TSLA,vanilla-2path,False,11.352350,9.548274,12.335204,2.493216,-1.783701,9.380946,9
TSLA,lstm-seq2seq,False,11.340136,9.618465,12.433006,2.506368,-2.531932,9.380946,9
TSLA,bidirectional-lstm-seq2seq,False,11.336822,9.678510,12.511769,2.521203,-3.172000,9.380946,9
TSLA,lstm-seq2seq-vae,False,11.350592,9.596980,12.399747,2.502351,-2.302905,9.380946,13
TSLA,gru-seq2seq,False,11.340565,9.688860,12.526884,2.522207,-3.282338,9.380946,9
TSLA,bidirectional-gru-seq2seq,False,11.343036,9.741172,12.591926,2.535869,-3.839972,9.380946,9
TSLA,gru-seq2seq-vae,False,11.349977,9.593890,12.397107,2.501675,-2.269967,9.380946,12
TSLA,attention-is-all-you-need,False,11.368721,9.556708,12.333770,2.496822,-1.873612,9.380946,15
TSLA,cnn-seq2seq,False,11.333293,9.837014,12.725666,2.558150,-4.861638,9.380946,13
TSLA,dilated-cnn-seq2seq,False,11.335750,9.851959,12.742252,2.561817,-5.020950,9.380946,13
