ticker,model,train_up_rate,validation_up_rate,test_up_rate,validation_accuracy,test_correct_days,test_days,test_accuracy,test_balanced_accuracy,test_predicted_up_rate
GOOG,train-majority,0.534884,0.496599,0.574324,0.496599,85,148,0.574324,0.500000,1.000000
GOOG,lstm,0.534884,0.496599,0.574324,0.530612,74,148,0.500000,0.535948,0.263514
GOOG,bidirectional-lstm,0.534884,0.496599,0.574324,0.523810,63,148,0.425676,0.500000,0.000000
GOOG,lstm-2path,0.534884,0.496599,0.574324,0.496599,90,148,0.608108,0.560224,0.831081
GOOG,gru,0.534884,0.496599,0.574324,0.503401,72,148,0.486486,0.526237,0.236486
GOOG,bidirectional-gru,0.534884,0.496599,0.574324,0.537415,64,148,0.432432,0.505882,0.006757
GOOG,gru-2path,0.534884,0.496599,0.574324,0.530612,63,148,0.425676,0.500000,0.000000
GOOG,vanilla,0.534884,0.496599,0.574324,0.537415,70,148,0.472973,0.514472,0.222973
GOOG,bidirectional-vanilla,0.534884,0.496599,0.574324,0.544218,63,148,0.425676,0.500000,0.000000
GOOG,vanilla-2path,0.534884,0.496599,0.574324,0.496599,85,148,0.574324,0.500000,1.000000
GOOG,lstm-seq2seq,0.534884,0.496599,0.574324,0.530612,63,148,0.425676,0.500000,0.000000
GOOG,bidirectional-lstm-seq2seq,0.534884,0.496599,0.574324,0.537415,63,148,0.425676,0.500000,0.000000
GOOG,lstm-seq2seq-vae,0.534884,0.496599,0.574324,0.517007,63,148,0.425676,0.500000,0.000000
GOOG,gru-seq2seq,0.534884,0.496599,0.574324,0.517007,63,148,0.425676,0.500000,0.000000
GOOG,bidirectional-gru-seq2seq,0.534884,0.496599,0.574324,0.503401,63,148,0.425676,0.500000,0.000000
GOOG,gru-seq2seq-vae,0.534884,0.496599,0.574324,0.503401,63,148,0.425676,0.500000,0.000000
GOOG,attention-is-all-you-need,0.534884,0.496599,0.574324,0.510204,64,148,0.432432,0.503828,0.020270
GOOG,cnn-seq2seq,0.534884,0.496599,0.574324,0.530612,63,148,0.425676,0.500000,0.000000
GOOG,dilated-cnn-seq2seq,0.534884,0.496599,0.574324,0.537415,63,148,0.425676,0.500000,0.000000
AAPL,train-majority,0.527616,0.523810,0.554054,0.523810,82,148,0.554054,0.500000,1.000000
AAPL,lstm,0.527616,0.523810,0.554054,0.523810,82,148,0.554054,0.500000,1.000000
AAPL,bidirectional-lstm,0.527616,0.523810,0.554054,0.523810,82,148,0.554054,0.500000,1.000000
AAPL,lstm-2path,0.527616,0.523810,0.554054,0.523810,82,148,0.554054,0.500000,1.000000
AAPL,gru,0.527616,0.523810,0.554054,0.523810,82,148,0.554054,0.500000,1.000000
AAPL,bidirectional-gru,0.527616,0.523810,0.554054,0.523810,87,148,0.587838,0.540835,0.939189
AAPL,gru-2path,0.527616,0.523810,0.554054,0.523810,82,148,0.554054,0.500000,1.000000
AAPL,vanilla,0.527616,0.523810,0.554054,0.523810,82,148,0.554054,0.500000,1.000000
AAPL,bidirectional-vanilla,0.527616,0.523810,0.554054,0.523810,82,148,0.554054,0.500000,1.000000
AAPL,vanilla-2path,0.527616,0.523810,0.554054,0.523810,82,148,0.554054,0.500000,1.000000
AAPL,lstm-seq2seq,0.527616,0.523810,0.554054,0.523810,80,148,0.540541,0.521803,0.675676
AAPL,bidirectional-lstm-seq2seq,0.527616,0.523810,0.554054,0.523810,83,148,0.560811,0.507576,0.993243
AAPL,lstm-seq2seq-vae,0.527616,0.523810,0.554054,0.523810,81,148,0.547297,0.526423,0.695946
AAPL,gru-seq2seq,0.527616,0.523810,0.554054,0.523810,83,148,0.560811,0.516445,0.912162
AAPL,bidirectional-gru-seq2seq,0.527616,0.523810,0.554054,0.523810,86,148,0.581081,0.534738,0.932432
AAPL,gru-seq2seq-vae,0.527616,0.523810,0.554054,0.523810,82,148,0.554054,0.500000,1.000000
AAPL,attention-is-all-you-need,0.527616,0.523810,0.554054,0.523810,82,148,0.554054,0.500000,1.000000
AAPL,cnn-seq2seq,0.527616,0.523810,0.554054,0.523810,82,148,0.554054,0.500000,1.000000
AAPL,dilated-cnn-seq2seq,0.527616,0.523810,0.554054,0.523810,82,148,0.554054,0.500000,1.000000
TSLA,train-majority,0.514535,0.476190,0.533784,0.476190,79,148,0.533784,0.500000,1.000000
TSLA,lstm,0.514535,0.476190,0.533784,0.564626,69,148,0.466216,0.500000,0.000000
TSLA,bidirectional-lstm,0.514535,0.476190,0.533784,0.544218,69,148,0.466216,0.500000,0.000000
TSLA,lstm-2path,0.514535,0.476190,0.533784,0.571429,69,148,0.466216,0.500000,0.000000
TSLA,gru,0.514535,0.476190,0.533784,0.571429,69,148,0.466216,0.500000,0.000000
TSLA,bidirectional-gru,0.514535,0.476190,0.533784,0.503401,69,148,0.466216,0.500000,0.000000
TSLA,gru-2path,0.514535,0.476190,0.533784,0.537415,69,148,0.466216,0.500000,0.000000
TSLA,vanilla,0.514535,0.476190,0.533784,0.544218,69,148,0.466216,0.500000,0.000000
TSLA,bidirectional-vanilla,0.514535,0.476190,0.533784,0.489796,69,148,0.466216,0.500000,0.000000
TSLA,vanilla-2path,0.514535,0.476190,0.533784,0.523810,69,148,0.466216,0.500000,0.000000
TSLA,lstm-seq2seq,0.514535,0.476190,0.533784,0.551020,69,148,0.466216,0.500000,0.000000
TSLA,bidirectional-lstm-seq2seq,0.514535,0.476190,0.533784,0.530612,69,148,0.466216,0.500000,0.000000
TSLA,lstm-seq2seq-vae,0.514535,0.476190,0.533784,0.530612,69,148,0.466216,0.500000,0.000000
TSLA,gru-seq2seq,0.514535,0.476190,0.533784,0.537415,69,148,0.466216,0.500000,0.000000
TSLA,bidirectional-gru-seq2seq,0.514535,0.476190,0.533784,0.530612,69,148,0.466216,0.500000,0.000000
TSLA,gru-seq2seq-vae,0.514535,0.476190,0.533784,0.523810,69,148,0.466216,0.500000,0.000000
TSLA,attention-is-all-you-need,0.514535,0.476190,0.533784,0.496599,69,148,0.466216,0.500000,0.000000
TSLA,cnn-seq2seq,0.514535,0.476190,0.533784,0.523810,69,148,0.466216,0.500000,0.000000
TSLA,dilated-cnn-seq2seq,0.514535,0.476190,0.533784,0.523810,69,148,0.466216,0.500000,0.000000
