model,bin,probability_from,probability_to,days,mean_predicted_probability,actual_up_rate
train-majority,0,0.000000,0.100000,0,,
train-majority,1,0.100000,0.200000,0,,
train-majority,2,0.200000,0.300000,0,,
train-majority,3,0.300000,0.400000,0,,
train-majority,4,0.400000,0.500000,0,,
train-majority,5,0.500000,0.600000,148,0.514535,0.533784
train-majority,6,0.600000,0.700000,0,,
train-majority,7,0.700000,0.800000,0,,
train-majority,8,0.800000,0.900000,0,,
train-majority,9,0.900000,1.000000,0,,
logit-window,0,0.000000,0.100000,0,,
logit-window,1,0.100000,0.200000,0,,
logit-window,2,0.200000,0.300000,7,0.281294,0.142857
logit-window,3,0.300000,0.400000,51,0.355931,0.529412
logit-window,4,0.400000,0.500000,61,0.450054,0.540984
logit-window,5,0.500000,0.600000,26,0.539523,0.653846
logit-window,6,0.600000,0.700000,3,0.656791,0.333333
logit-window,7,0.700000,0.800000,0,,
logit-window,8,0.800000,0.900000,0,,
logit-window,9,0.900000,1.000000,0,,
gbdt-window,0,0.000000,0.100000,0,,
gbdt-window,1,0.100000,0.200000,1,0.190297,1.000000
gbdt-window,2,0.200000,0.300000,22,0.259413,0.636364
gbdt-window,3,0.300000,0.400000,46,0.348156,0.456522
gbdt-window,4,0.400000,0.500000,37,0.441309,0.594595
gbdt-window,5,0.500000,0.600000,27,0.551299,0.555556
gbdt-window,6,0.600000,0.700000,9,0.638430,0.444444
gbdt-window,7,0.700000,0.800000,6,0.749265,0.333333
gbdt-window,8,0.800000,0.900000,0,,
gbdt-window,9,0.900000,1.000000,0,,
lstm,0,0.000000,0.100000,0,,
lstm,1,0.100000,0.200000,0,,
lstm,2,0.200000,0.300000,0,,
lstm,3,0.300000,0.400000,0,,
lstm,4,0.400000,0.500000,95,0.498172,0.557895
lstm,5,0.500000,0.600000,53,0.502167,0.490566
lstm,6,0.600000,0.700000,0,,
lstm,7,0.700000,0.800000,0,,
lstm,8,0.800000,0.900000,0,,
lstm,9,0.900000,1.000000,0,,
bidirectional-lstm,0,0.000000,0.100000,0,,
bidirectional-lstm,1,0.100000,0.200000,0,,
bidirectional-lstm,2,0.200000,0.300000,0,,
bidirectional-lstm,3,0.300000,0.400000,0,,
bidirectional-lstm,4,0.400000,0.500000,135,0.497121,0.525926
bidirectional-lstm,5,0.500000,0.600000,13,0.501291,0.615385
bidirectional-lstm,6,0.600000,0.700000,0,,
bidirectional-lstm,7,0.700000,0.800000,0,,
bidirectional-lstm,8,0.800000,0.900000,0,,
bidirectional-lstm,9,0.900000,1.000000,0,,
lstm-2path,0,0.000000,0.100000,0,,
lstm-2path,1,0.100000,0.200000,0,,
lstm-2path,2,0.200000,0.300000,0,,
lstm-2path,3,0.300000,0.400000,0,,
lstm-2path,4,0.400000,0.500000,92,0.498980,0.521739
lstm-2path,5,0.500000,0.600000,56,0.501353,0.553571
lstm-2path,6,0.600000,0.700000,0,,
lstm-2path,7,0.700000,0.800000,0,,
lstm-2path,8,0.800000,0.900000,0,,
lstm-2path,9,0.900000,1.000000,0,,
gru,0,0.000000,0.100000,0,,
gru,1,0.100000,0.200000,0,,
gru,2,0.200000,0.300000,0,,
gru,3,0.300000,0.400000,0,,
gru,4,0.400000,0.500000,139,0.496046,0.532374
gru,5,0.500000,0.600000,9,0.501137,0.555556
gru,6,0.600000,0.700000,0,,
gru,7,0.700000,0.800000,0,,
gru,8,0.800000,0.900000,0,,
gru,9,0.900000,1.000000,0,,
bidirectional-gru,0,0.000000,0.100000,0,,
bidirectional-gru,1,0.100000,0.200000,0,,
bidirectional-gru,2,0.200000,0.300000,0,,
bidirectional-gru,3,0.300000,0.400000,0,,
bidirectional-gru,4,0.400000,0.500000,120,0.497328,0.558333
bidirectional-gru,5,0.500000,0.600000,28,0.501694,0.428571
bidirectional-gru,6,0.600000,0.700000,0,,
bidirectional-gru,7,0.700000,0.800000,0,,
bidirectional-gru,8,0.800000,0.900000,0,,
bidirectional-gru,9,0.900000,1.000000,0,,
gru-2path,0,0.000000,0.100000,0,,
gru-2path,1,0.100000,0.200000,0,,
gru-2path,2,0.200000,0.300000,0,,
gru-2path,3,0.300000,0.400000,0,,
gru-2path,4,0.400000,0.500000,96,0.498278,0.531250
gru-2path,5,0.500000,0.600000,52,0.502217,0.538462
gru-2path,6,0.600000,0.700000,0,,
gru-2path,7,0.700000,0.800000,0,,
gru-2path,8,0.800000,0.900000,0,,
gru-2path,9,0.900000,1.000000,0,,
vanilla,0,0.000000,0.100000,0,,
vanilla,1,0.100000,0.200000,0,,
vanilla,2,0.200000,0.300000,0,,
vanilla,3,0.300000,0.400000,0,,
vanilla,4,0.400000,0.500000,91,0.497724,0.582418
vanilla,5,0.500000,0.600000,57,0.502608,0.456140
vanilla,6,0.600000,0.700000,0,,
vanilla,7,0.700000,0.800000,0,,
vanilla,8,0.800000,0.900000,0,,
vanilla,9,0.900000,1.000000,0,,
bidirectional-vanilla,0,0.000000,0.100000,0,,
bidirectional-vanilla,1,0.100000,0.200000,0,,
bidirectional-vanilla,2,0.200000,0.300000,0,,
bidirectional-vanilla,3,0.300000,0.400000,0,,
bidirectional-vanilla,4,0.400000,0.500000,55,0.498676,0.618182
bidirectional-vanilla,5,0.500000,0.600000,93,0.501606,0.483871
bidirectional-vanilla,6,0.600000,0.700000,0,,
bidirectional-vanilla,7,0.700000,0.800000,0,,
bidirectional-vanilla,8,0.800000,0.900000,0,,
bidirectional-vanilla,9,0.900000,1.000000,0,,
vanilla-2path,0,0.000000,0.100000,0,,
vanilla-2path,1,0.100000,0.200000,0,,
vanilla-2path,2,0.200000,0.300000,0,,
vanilla-2path,3,0.300000,0.400000,0,,
vanilla-2path,4,0.400000,0.500000,74,0.498673,0.594595
vanilla-2path,5,0.500000,0.600000,74,0.502015,0.472973
vanilla-2path,6,0.600000,0.700000,0,,
vanilla-2path,7,0.700000,0.800000,0,,
vanilla-2path,8,0.800000,0.900000,0,,
vanilla-2path,9,0.900000,1.000000,0,,
lstm-seq2seq,0,0.000000,0.100000,0,,
lstm-seq2seq,1,0.100000,0.200000,0,,
lstm-seq2seq,2,0.200000,0.300000,0,,
lstm-seq2seq,3,0.300000,0.400000,0,,
lstm-seq2seq,4,0.400000,0.500000,122,0.499539,0.532787
lstm-seq2seq,5,0.500000,0.600000,26,0.500235,0.538462
lstm-seq2seq,6,0.600000,0.700000,0,,
lstm-seq2seq,7,0.700000,0.800000,0,,
lstm-seq2seq,8,0.800000,0.900000,0,,
lstm-seq2seq,9,0.900000,1.000000,0,,
bidirectional-lstm-seq2seq,0,0.000000,0.100000,0,,
bidirectional-lstm-seq2seq,1,0.100000,0.200000,0,,
bidirectional-lstm-seq2seq,2,0.200000,0.300000,0,,
bidirectional-lstm-seq2seq,3,0.300000,0.400000,0,,
bidirectional-lstm-seq2seq,4,0.400000,0.500000,125,0.499383,0.536000
bidirectional-lstm-seq2seq,5,0.500000,0.600000,23,0.500275,0.521739
bidirectional-lstm-seq2seq,6,0.600000,0.700000,0,,
bidirectional-lstm-seq2seq,7,0.700000,0.800000,0,,
bidirectional-lstm-seq2seq,8,0.800000,0.900000,0,,
bidirectional-lstm-seq2seq,9,0.900000,1.000000,0,,
lstm-seq2seq-vae,0,0.000000,0.100000,0,,
lstm-seq2seq-vae,1,0.100000,0.200000,0,,
lstm-seq2seq-vae,2,0.200000,0.300000,0,,
lstm-seq2seq-vae,3,0.300000,0.400000,0,,
lstm-seq2seq-vae,4,0.400000,0.500000,116,0.499532,0.543103
lstm-seq2seq-vae,5,0.500000,0.600000,32,0.500392,0.500000
lstm-seq2seq-vae,6,0.600000,0.700000,0,,
lstm-seq2seq-vae,7,0.700000,0.800000,0,,
lstm-seq2seq-vae,8,0.800000,0.900000,0,,
lstm-seq2seq-vae,9,0.900000,1.000000,0,,
gru-seq2seq,0,0.000000,0.100000,0,,
gru-seq2seq,1,0.100000,0.200000,0,,
gru-seq2seq,2,0.200000,0.300000,0,,
gru-seq2seq,3,0.300000,0.400000,0,,
gru-seq2seq,4,0.400000,0.500000,109,0.498881,0.541284
gru-seq2seq,5,0.500000,0.600000,39,0.500825,0.512821
gru-seq2seq,6,0.600000,0.700000,0,,
gru-seq2seq,7,0.700000,0.800000,0,,
gru-seq2seq,8,0.800000,0.900000,0,,
gru-seq2seq,9,0.900000,1.000000,0,,
bidirectional-gru-seq2seq,0,0.000000,0.100000,0,,
bidirectional-gru-seq2seq,1,0.100000,0.200000,0,,
bidirectional-gru-seq2seq,2,0.200000,0.300000,0,,
bidirectional-gru-seq2seq,3,0.300000,0.400000,0,,
bidirectional-gru-seq2seq,4,0.400000,0.500000,101,0.498597,0.534653
bidirectional-gru-seq2seq,5,0.500000,0.600000,47,0.501202,0.531915
bidirectional-gru-seq2seq,6,0.600000,0.700000,0,,
bidirectional-gru-seq2seq,7,0.700000,0.800000,0,,
bidirectional-gru-seq2seq,8,0.800000,0.900000,0,,
bidirectional-gru-seq2seq,9,0.900000,1.000000,0,,
gru-seq2seq-vae,0,0.000000,0.100000,0,,
gru-seq2seq-vae,1,0.100000,0.200000,0,,
gru-seq2seq-vae,2,0.200000,0.300000,0,,
gru-seq2seq-vae,3,0.300000,0.400000,0,,
gru-seq2seq-vae,4,0.400000,0.500000,102,0.499180,0.500000
gru-seq2seq-vae,5,0.500000,0.600000,46,0.500631,0.608696
gru-seq2seq-vae,6,0.600000,0.700000,0,,
gru-seq2seq-vae,7,0.700000,0.800000,0,,
gru-seq2seq-vae,8,0.800000,0.900000,0,,
gru-seq2seq-vae,9,0.900000,1.000000,0,,
attention-is-all-you-need,0,0.000000,0.100000,0,,
attention-is-all-you-need,1,0.100000,0.200000,0,,
attention-is-all-you-need,2,0.200000,0.300000,0,,
attention-is-all-you-need,3,0.300000,0.400000,0,,
attention-is-all-you-need,4,0.400000,0.500000,87,0.489383,0.540230
attention-is-all-you-need,5,0.500000,0.600000,61,0.508077,0.524590
attention-is-all-you-need,6,0.600000,0.700000,0,,
attention-is-all-you-need,7,0.700000,0.800000,0,,
attention-is-all-you-need,8,0.800000,0.900000,0,,
attention-is-all-you-need,9,0.900000,1.000000,0,,
cnn-seq2seq,0,0.000000,0.100000,0,,
cnn-seq2seq,1,0.100000,0.200000,0,,
cnn-seq2seq,2,0.200000,0.300000,0,,
cnn-seq2seq,3,0.300000,0.400000,0,,
cnn-seq2seq,4,0.400000,0.500000,143,0.499677,0.545455
cnn-seq2seq,5,0.500000,0.600000,5,0.500057,0.200000
cnn-seq2seq,6,0.600000,0.700000,0,,
cnn-seq2seq,7,0.700000,0.800000,0,,
cnn-seq2seq,8,0.800000,0.900000,0,,
cnn-seq2seq,9,0.900000,1.000000,0,,
dilated-cnn-seq2seq,0,0.000000,0.100000,0,,
dilated-cnn-seq2seq,1,0.100000,0.200000,0,,
dilated-cnn-seq2seq,2,0.200000,0.300000,0,,
dilated-cnn-seq2seq,3,0.300000,0.400000,0,,
dilated-cnn-seq2seq,4,0.400000,0.500000,148,0.499577,0.533784
dilated-cnn-seq2seq,5,0.500000,0.600000,0,,
dilated-cnn-seq2seq,6,0.600000,0.700000,0,,
dilated-cnn-seq2seq,7,0.700000,0.800000,0,,
dilated-cnn-seq2seq,8,0.800000,0.900000,0,,
dilated-cnn-seq2seq,9,0.900000,1.000000,0,,
tcn-residual,0,0.000000,0.100000,0,,
tcn-residual,1,0.100000,0.200000,0,,
tcn-residual,2,0.200000,0.300000,0,,
tcn-residual,3,0.300000,0.400000,0,,
tcn-residual,4,0.400000,0.500000,70,0.494804,0.571429
tcn-residual,5,0.500000,0.600000,78,0.504419,0.500000
tcn-residual,6,0.600000,0.700000,0,,
tcn-residual,7,0.700000,0.800000,0,,
tcn-residual,8,0.800000,0.900000,0,,
tcn-residual,9,0.900000,1.000000,0,,
gru-attention,0,0.000000,0.100000,0,,
gru-attention,1,0.100000,0.200000,0,,
gru-attention,2,0.200000,0.300000,0,,
gru-attention,3,0.300000,0.400000,0,,
gru-attention,4,0.400000,0.500000,91,0.497929,0.560440
gru-attention,5,0.500000,0.600000,57,0.502257,0.491228
gru-attention,6,0.600000,0.700000,0,,
gru-attention,7,0.700000,0.800000,0,,
gru-attention,8,0.800000,0.900000,0,,
gru-attention,9,0.900000,1.000000,0,,
