fold,model,validation_correct_days,validation_days,validation_accuracy,validation_brier,test_correct_days,test_days,test_accuracy,test_balanced_accuracy,test_brier,test_predicted_up_rate,test_actual_up_rate,best_epoch,epochs_run,seconds
1,attention-is-all-you-need,65,100,0.650000,0.228764,52,100,0.520000,0.517807,0.251985,0.610000,0.510000,12,17,0.542352
1,dilated-cnn-seq2seq,63,100,0.630000,0.243650,52,100,0.520000,0.512605,0.253548,0.870000,0.510000,20,20,0.333553
1,lstm-seq2seq,62,100,0.620000,0.234623,54,100,0.540000,0.536214,0.252563,0.690000,0.510000,13,18,0.408732
1,bidirectional-gru,61,100,0.610000,0.236683,49,100,0.490000,0.488395,0.264491,0.580000,0.510000,11,16,0.374008
1,gru,61,100,0.610000,0.238120,54,100,0.540000,0.537815,0.256456,0.610000,0.510000,13,18,0.378626
1,bidirectional-lstm-seq2seq,60,100,0.600000,0.232458,56,100,0.560000,0.553822,0.255347,0.810000,0.510000,13,18,0.467304
1,lstm-2path,60,100,0.600000,0.234486,53,100,0.530000,0.526811,0.257244,0.660000,0.510000,13,18,0.485566
1,lstm,60,100,0.600000,0.237149,51,100,0.510000,0.508003,0.258707,0.600000,0.510000,13,18,0.441285
1,vanilla,60,100,0.600000,0.242749,50,100,0.500000,0.497399,0.253911,0.630000,0.510000,8,13,0.256171
1,cnn-seq2seq,60,100,0.600000,0.244337,51,100,0.510000,0.500000,0.251714,1.000000,0.510000,13,18,0.393302
1,vanilla-2path,60,100,0.600000,0.244684,51,100,0.510000,0.500000,0.250349,1.000000,0.510000,3,8,0.201791
1,train-majority,60,100,0.600000,0.246172,51,100,0.510000,0.500000,0.250031,1.000000,0.510000,0,0,0.000000
1,gru-2path,59,100,0.590000,0.237075,53,100,0.530000,0.527611,0.257252,0.620000,0.510000,13,18,0.482005
1,bidirectional-gru-seq2seq,59,100,0.590000,0.237183,52,100,0.520000,0.517407,0.258554,0.630000,0.510000,11,16,0.405382
1,lstm-seq2seq-vae,59,100,0.590000,0.239071,51,100,0.510000,0.504402,0.250752,0.780000,0.510000,16,20,0.618417
1,bidirectional-vanilla,59,100,0.590000,0.245203,51,100,0.510000,0.501200,0.250611,0.940000,0.510000,3,8,0.162875
1,bidirectional-lstm,58,100,0.580000,0.234995,50,100,0.500000,0.498199,0.258208,0.590000,0.510000,11,16,0.391452
1,gru-seq2seq,58,100,0.580000,0.236919,53,100,0.530000,0.527211,0.255196,0.640000,0.510000,13,18,0.381541
1,gru-attention,57,100,0.570000,0.238317,55,100,0.550000,0.546819,0.252894,0.660000,0.510000,13,18,0.429612
1,gru-seq2seq-vae,56,100,0.560000,0.238978,55,100,0.550000,0.546419,0.250654,0.680000,0.510000,15,20,0.569848
1,tcn-residual,55,100,0.550000,0.243303,49,100,0.490000,0.484394,0.252050,0.780000,0.510000,3,8,0.298459
1,logit-window,55,100,0.550000,0.258128,52,100,0.520000,0.519008,0.264577,0.550000,0.510000,0,0,0.009799
1,gbdt-window,55,100,0.550000,0.258527,50,100,0.500000,0.499000,0.257506,0.550000,0.510000,0,0,0.041065
2,attention-is-all-you-need,54,100,0.540000,0.250274,58,100,0.580000,0.542208,0.247286,0.820000,0.560000,1,6,0.215523
2,gbdt-window,54,100,0.540000,0.254051,50,100,0.500000,0.504870,0.250659,0.460000,0.560000,0,0,0.039352
2,tcn-residual,52,100,0.520000,0.250004,58,100,0.580000,0.537338,0.247472,0.860000,0.560000,1,6,0.215913
2,lstm-seq2seq,52,100,0.520000,0.250027,59,100,0.590000,0.541396,0.249721,0.910000,0.560000,1,6,0.147451
2,gru-attention,51,100,0.510000,0.249274,57,100,0.570000,0.511364,0.241076,0.990000,0.560000,3,8,0.223352
2,lstm,51,100,0.510000,0.249774,56,100,0.560000,0.500000,0.246173,1.000000,0.560000,2,7,0.168818
2,gru-2path,51,100,0.510000,0.249813,56,100,0.560000,0.500000,0.245751,1.000000,0.560000,2,7,0.203501
2,bidirectional-lstm,51,100,0.510000,0.249857,56,100,0.560000,0.500000,0.248671,1.000000,0.560000,1,6,0.148014
2,vanilla-2path,51,100,0.510000,0.249887,56,100,0.560000,0.500000,0.249017,1.000000,0.560000,1,6,0.165320
2,vanilla,51,100,0.510000,0.249899,56,100,0.560000,0.524351,0.249282,0.800000,0.560000,1,6,0.127184
2,lstm-2path,51,100,0.510000,0.249927,56,100,0.560000,0.500000,0.248163,1.000000,0.560000,1,6,0.215109
2,dilated-cnn-seq2seq,51,100,0.510000,0.249955,56,100,0.560000,0.500000,0.249700,1.000000,0.560000,1,6,0.116154
2,cnn-seq2seq,51,100,0.510000,0.249957,56,100,0.560000,0.500000,0.249695,1.000000,0.560000,1,6,0.125013
2,bidirectional-lstm-seq2seq,51,100,0.510000,0.250011,55,100,0.550000,0.493506,0.249698,0.970000,0.560000,1,6,0.171744
2,bidirectional-vanilla,51,100,0.510000,0.250014,55,100,0.550000,0.493506,0.249039,0.970000,0.560000,1,6,0.141463
2,gru-seq2seq,51,100,0.510000,0.250062,57,100,0.570000,0.523539,0.249485,0.890000,0.560000,1,6,0.153584
2,train-majority,51,100,0.510000,0.250426,56,100,0.560000,0.500000,0.247132,1.000000,0.560000,0,0,0.000000
2,logit-window,51,100,0.510000,0.255316,50,100,0.500000,0.504870,0.260606,0.460000,0.560000,0,0,0.007740
2,gru,50,100,0.500000,0.249548,56,100,0.560000,0.502435,0.246471,0.980000,0.560000,2,7,0.170121
2,gru-seq2seq-vae,50,100,0.500000,0.249995,55,100,0.550000,0.493506,0.249406,0.970000,0.560000,2,7,0.237657
2,bidirectional-gru-seq2seq,50,100,0.500000,0.250005,56,100,0.560000,0.507305,0.249380,0.940000,0.560000,1,6,0.157548
2,bidirectional-gru,49,100,0.490000,0.249625,59,100,0.590000,0.534091,0.245569,0.970000,0.560000,2,7,0.183563
2,lstm-seq2seq-vae,49,100,0.490000,0.250009,57,100,0.570000,0.511364,0.249760,0.990000,0.560000,1,6,0.203815
3,gru-attention,65,100,0.650000,0.225530,57,100,0.570000,0.538384,0.245925,0.820000,0.550000,8,13,0.411044
3,lstm,65,100,0.650000,0.227503,56,100,0.560000,0.543434,0.250167,0.670000,0.550000,19,20,0.536233
3,gru-seq2seq-vae,64,100,0.640000,0.232454,54,100,0.540000,0.507071,0.250744,0.830000,0.550000,17,20,0.745629
3,lstm-2path,63,100,0.630000,0.232695,56,100,0.560000,0.537374,0.246404,0.730000,0.550000,8,13,0.438694
3,lstm-seq2seq,63,100,0.630000,0.235187,57,100,0.570000,0.544444,0.251339,0.760000,0.550000,20,20,0.587402
3,lstm-seq2seq-vae,63,100,0.630000,0.235370,52,100,0.520000,0.488889,0.251450,0.810000,0.550000,18,20,0.780956
3,gru,62,100,0.620000,0.231614,57,100,0.570000,0.546465,0.245784,0.740000,0.550000,14,19,0.488750
3,gru-seq2seq,61,100,0.610000,0.232329,53,100,0.530000,0.506061,0.250519,0.740000,0.550000,16,20,0.558062
3,cnn-seq2seq,61,100,0.610000,0.239730,56,100,0.560000,0.529293,0.247337,0.810000,0.550000,18,20,0.502830
3,tcn-residual,61,100,0.610000,0.243830,55,100,0.550000,0.524242,0.244041,0.760000,0.550000,3,8,0.341280
3,gru-2path,60,100,0.600000,0.231932,54,100,0.540000,0.519192,0.246592,0.710000,0.550000,8,13,0.434406
3,attention-is-all-you-need,60,100,0.600000,0.237301,56,100,0.560000,0.535354,0.244653,0.750000,0.550000,8,13,0.576921
3,bidirectional-gru,60,100,0.600000,0.239102,56,100,0.560000,0.533333,0.244143,0.770000,0.550000,8,13,0.389833
3,vanilla-2path,59,100,0.590000,0.237889,58,100,0.580000,0.557576,0.239981,0.730000,0.550000,8,13,0.415384
3,bidirectional-vanilla,59,100,0.590000,0.243544,58,100,0.580000,0.547475,0.236811,0.830000,0.550000,5,10,0.275228
3,bidirectional-gru-seq2seq,56,100,0.560000,0.237491,54,100,0.540000,0.509091,0.246844,0.810000,0.550000,11,16,0.490866
3,dilated-cnn-seq2seq,56,100,0.560000,0.241244,56,100,0.560000,0.529293,0.248423,0.810000,0.550000,18,20,0.475243
3,gbdt-window,56,100,0.560000,0.243331,51,100,0.510000,0.510101,0.256469,0.500000,0.550000,0,0,0.046144
3,train-majority,56,100,0.560000,0.247299,55,100,0.550000,0.500000,0.247899,1.000000,0.550000,0,0,0.000000
3,bidirectional-lstm-seq2seq,54,100,0.540000,0.239524,59,100,0.590000,0.556566,0.244356,0.840000,0.550000,11,16,0.528538
3,bidirectional-lstm,54,100,0.540000,0.243508,57,100,0.570000,0.534343,0.241545,0.860000,0.550000,5,10,0.298223
3,vanilla,52,100,0.520000,0.242976,59,100,0.590000,0.568687,0.240935,0.720000,0.550000,8,13,0.324268
3,logit-window,47,100,0.470000,0.262544,63,100,0.630000,0.607071,0.236281,0.740000,0.550000,0,0,0.009266
