fold,Date,Actual,PreviousClose,ActualReturnPct,naive,ridge-close,ridge-ohlcv,gbdt-close,gbdt-ohlcv
1,2024-10-21,165.800000,165.050000,0.454408,165.050000,165.501349,165.679600,165.282302,164.699403
1,2024-10-22,166.820000,165.800000,0.615199,165.800000,166.272791,166.140659,166.033358,166.049090
1,2024-10-23,164.480000,166.820000,-1.402710,166.820000,167.265589,167.302198,167.204505,167.190804
1,2024-10-24,164.530000,164.480000,0.030399,164.480000,164.916737,165.006768,164.988900,164.808391
1,2024-10-25,166.990000,164.530000,1.495168,164.530000,165.006358,164.812359,164.761570,164.267471
1,2024-10-28,168.340000,166.990000,0.808432,166.990000,167.352576,167.279779,167.652113,166.811071
1,2024-10-29,171.140000,168.340000,1.663300,168.340000,168.695867,168.620492,169.443599,169.659561
1,2024-10-30,176.140000,171.140000,2.921585,171.140000,171.394027,171.605731,170.471103,172.294374
1,2024-10-31,172.690000,176.140000,-1.958669,176.140000,176.206185,176.340130,175.831408,176.131511
1,2024-11-01,172.650000,172.690000,-0.023163,172.690000,172.639815,173.199477,173.543847,175.678935
1,2024-11-04,170.680000,172.650000,-1.141037,172.650000,172.671961,172.778772,171.951262,171.730149
1,2024-11-05,171.410000,170.680000,0.427701,170.680000,170.658471,170.585139,170.633014,169.772481
1,2024-11-06,178.330000,171.410000,4.037104,171.410000,171.483212,171.272548,171.391055,171.375037
1,2024-11-07,182.280000,178.330000,2.214995,178.330000,178.039756,178.020243,178.329527,177.067672
1,2024-11-08,179.860000,182.280000,-1.327628,182.280000,181.853490,181.778427,183.193754,181.395808
1,2024-11-11,181.970000,179.860000,1.173135,179.860000,179.472091,179.459025,179.293105,179.607267
1,2024-11-12,183.320000,181.970000,0.741881,181.970000,181.602119,181.216078,182.454536,182.156452
1,2024-11-13,180.490000,183.320000,-1.543749,183.320000,182.931972,182.795310,183.808131,183.855176
1,2024-11-14,177.350000,180.490000,-1.739709,180.490000,180.437167,180.463365,180.066905,180.331116
1,2024-11-15,173.890000,177.350000,-1.950944,177.350000,177.506893,177.534276,176.015167,177.967830
1,2024-11-18,176.800000,173.890000,1.673472,173.890000,174.107727,174.165709,175.562748,174.325243
1,2024-11-19,179.580000,176.800000,1.572398,176.800000,176.923085,176.681745,175.729130,175.224582
1,2024-11-20,177.330000,179.580000,-1.252923,179.580000,179.583592,179.723684,178.042803,178.824282
1,2024-11-21,169.240000,177.330000,-4.562116,177.330000,177.324421,177.123850,175.975997,177.546119
1,2024-11-22,166.570000,169.240000,-1.577641,169.240000,169.221261,169.260180,168.882128,169.180277
1,2024-11-25,169.430000,166.570000,1.716996,166.570000,166.658767,166.733661,166.871414,166.711995
1,2024-11-26,170.620000,169.430000,0.702355,169.430000,169.495646,169.391724,168.785462,169.376843
1,2024-11-27,170.820000,170.620000,0.117220,170.620000,170.791899,170.614102,170.320441,170.513275
1,2024-11-29,170.490000,170.820000,-0.193186,170.820000,171.029895,170.540959,171.021077,170.575869
1,2024-12-02,172.980000,170.490000,1.460496,170.490000,170.897606,170.475312,171.169721,170.182212
1,2024-12-03,173.020000,172.980000,0.023124,172.980000,173.379515,173.440014,172.947844,172.721853
1,2024-12-04,176.090000,173.020000,1.774361,173.020000,173.474821,173.588505,173.581995,172.726525
1,2024-12-05,174.310000,176.090000,-1.010847,176.090000,176.404260,176.492914,175.061658,174.880294
1,2024-12-06,176.490000,174.310000,1.250645,174.310000,174.731645,174.752074,175.730128,175.055423
1,2024-12-09,177.100000,176.490000,0.345629,176.490000,176.914061,176.805218,176.882307,175.505619
1,2024-12-10,186.530000,177.100000,5.324675,177.100000,177.525178,177.620389,178.216749,177.717253
1,2024-12-11,196.710000,186.530000,5.457567,186.530000,186.253044,186.290534,186.220547,187.476728
1,2024-12-12,193.630000,196.710000,-1.565757,196.710000,195.901689,196.961923,194.459437,195.569220
1,2024-12-13,191.380000,193.630000,-1.162010,193.630000,192.777944,192.829160,193.840335,192.248906
1,2024-12-16,198.160000,191.380000,3.542690,191.380000,190.481840,190.557110,191.338201,192.148567
1,2024-12-17,197.120000,198.160000,-0.524828,198.160000,196.906169,197.224382,196.416028,198.378374
1,2024-12-18,190.150000,197.120000,-3.535917,197.120000,196.259843,196.520725,198.306815,197.535618
1,2024-12-19,189.700000,190.150000,-0.236655,190.150000,189.988462,190.006301,190.053649,189.610658
1,2024-12-20,192.960000,189.700000,1.718503,189.700000,189.485102,189.518394,188.743415,189.804758
1,2024-12-23,195.990000,192.960000,1.570274,192.960000,192.359687,193.108873,191.822542,195.279623
1,2024-12-24,197.570000,195.990000,0.806164,195.990000,195.490317,195.196387,194.948186,196.402126
1,2024-12-26,197.100000,197.570000,-0.237890,197.570000,197.049069,196.256073,197.582401,196.980645
1,2024-12-27,194.040000,197.100000,-1.552511,197.100000,196.934590,196.600504,196.274820,195.889525
1,2024-12-30,192.690000,194.040000,-0.695733,194.040000,193.841648,193.665112,195.203724,195.125970
1,2024-12-31,190.440000,192.690000,-1.167679,192.690000,192.641041,192.591483,193.480724,192.316150
1,2025-01-02,190.630000,190.440000,0.099769,190.440000,190.690204,190.673125,189.499294,190.567041
1,2025-01-03,193.130000,190.630000,1.311441,190.630000,190.985879,191.012871,190.589013,191.328455
1,2025-01-06,197.960000,193.130000,2.500906,193.130000,193.303220,193.081679,192.213545,193.536902
1,2025-01-07,196.710000,197.960000,-0.631441,197.960000,197.733325,197.858120,198.572195,197.829414
1,2025-01-08,195.390000,196.710000,-0.671039,196.710000,196.556549,196.775889,197.971226,198.542658
1,2025-01-10,193.170000,195.390000,-1.136189,195.390000,195.305591,195.489235,194.652374,195.017955
1,2025-01-13,192.290000,193.170000,-0.455557,193.170000,193.309761,193.436295,193.740245,194.005961
1,2025-01-14,191.050000,192.290000,-0.644859,192.290000,192.735090,192.396268,193.528233,192.826200
1,2025-01-15,196.980000,191.050000,3.103900,191.050000,191.968428,191.931299,191.634472,191.793804
1,2025-01-16,194.410000,196.980000,-1.304701,196.980000,197.138497,196.916915,197.211244,197.122800
1,2025-01-17,197.550000,194.410000,1.615143,194.410000,194.723173,194.850821,194.563729,194.045569
1,2025-01-21,199.630000,197.550000,1.052898,197.550000,197.700008,197.512833,197.379518,196.855506
1,2025-01-22,200.030000,199.630000,0.200371,199.630000,199.569335,199.863179,199.942769,200.988262
1,2025-01-23,199.580000,200.030000,-0.224966,200.030000,199.967120,200.026806,200.751033,199.814669
1,2025-01-24,201.900000,199.580000,1.162441,199.580000,199.884640,199.924315,200.199107,200.897337
1,2025-01-27,193.770000,201.900000,-4.026746,201.900000,202.282538,202.209099,201.745210,202.407062
1,2025-01-28,197.070000,193.770000,1.703050,193.770000,194.012819,194.683788,192.327912,192.931581
1,2025-01-29,197.180000,197.070000,0.055818,197.070000,197.198290,196.975616,195.772729,196.277047
1,2025-01-30,202.630000,197.180000,2.763972,197.180000,197.248084,196.939866,196.841763,197.093905
1,2025-01-31,205.600000,202.630000,1.465726,202.630000,202.334331,202.088129,203.190427,202.407075
1,2025-02-03,202.640000,205.600000,-1.439689,205.600000,205.164641,205.143595,205.333453,206.095782
1,2025-02-04,207.710000,202.640000,2.501974,202.640000,202.544888,202.868616,203.435386,202.563154
1,2025-02-05,193.300000,207.710000,-6.937557,207.710000,207.498849,207.725028,207.173650,207.096985
1,2025-02-06,193.310000,193.300000,0.005173,193.300000,192.884301,193.298614,191.609985,193.827187
1,2025-02-07,187.140000,193.310000,-3.191765,193.310000,193.099326,192.957622,193.773714,193.410125
1,2025-02-10,188.200000,187.140000,0.566421,187.140000,187.203772,187.111707,187.420372,186.543441
1,2025-02-11,187.070000,188.200000,-0.600425,188.200000,188.103405,187.891061,190.122452,188.777848
1,2025-02-12,185.430000,187.070000,-0.876677,187.070000,187.266640,187.133666,189.339193,188.120875
1,2025-02-13,187.880000,185.430000,1.321253,185.430000,186.002607,185.997717,186.916130,186.129456
1,2025-02-14,186.870000,187.880000,-0.537577,187.880000,188.393451,188.001509,187.932075,187.955800
1,2025-02-18,185.800000,186.870000,-0.572591,186.870000,187.529465,187.498070,187.541591,187.125451
1,2025-02-19,187.130000,185.800000,0.715823,185.800000,186.578356,186.495976,185.804044,186.683155
1,2025-02-20,186.640000,187.130000,-0.261850,187.130000,187.867169,187.487841,187.970464,187.595056
1,2025-02-21,181.580000,186.640000,-2.711102,186.640000,187.405226,187.046492,186.664890,186.869975
1,2025-02-24,181.190000,181.580000,-0.214781,181.580000,182.386093,182.357580,182.469664,182.056954
1,2025-02-25,177.370000,181.190000,-2.108284,181.190000,182.029831,182.104433,182.914869,183.035334
1,2025-02-26,174.700000,177.370000,-1.505328,177.370000,178.117459,178.233696,178.753163,178.039080
1,2025-02-27,170.210000,174.700000,-2.570120,174.700000,175.697163,175.852831,176.606381,176.620766
1,2025-02-28,172.220000,170.210000,1.180894,170.210000,171.344529,171.399705,170.932934,170.625475
1,2025-03-03,168.660000,172.220000,-2.067123,172.220000,173.160634,173.187163,172.921522,172.503165
1,2025-03-04,172.610000,168.660000,2.341990,168.660000,169.725500,169.711361,171.303128,170.297664
1,2025-03-05,174.990000,172.610000,1.378831,172.610000,173.283387,173.882052,171.538967,173.543277
1,2025-03-06,174.210000,174.990000,-0.445740,174.990000,175.601028,175.562839,174.520900,173.839977
1,2025-03-07,175.750000,174.210000,0.883991,174.210000,174.702086,174.993326,174.910923,174.647888
1,2025-03-10,167.810000,175.750000,-4.517781,175.750000,176.240094,176.279228,176.614845,175.988607
1,2025-03-11,165.980000,167.810000,-1.090519,167.810000,168.084214,168.171046,168.002281,166.757187
1,2025-03-12,169.000000,165.980000,1.819496,165.980000,166.505157,166.557221,165.812267,166.516651
1,2025-03-13,164.730000,169.000000,-2.526627,169.000000,169.428809,169.090864,167.990377,168.471652
1,2025-03-14,167.620000,164.730000,1.754386,164.730000,165.201682,165.031030,166.177878,164.548450
1,2025-03-17,166.570000,167.620000,-0.626417,167.620000,168.019578,167.866877,167.075789,166.995416
2,2025-03-18,162.670000,166.570000,-2.341358,166.570000,167.011222,166.981021,166.370608,166.397996
2,2025-03-19,166.280000,162.670000,2.219217,162.670000,163.083363,163.096674,162.134893,162.607525
2,2025-03-20,165.050000,166.280000,-0.739716,166.280000,166.750295,166.851186,165.827151,166.821594
2,2025-03-21,166.250000,165.050000,0.727052,165.050000,165.474292,165.547510,164.278264,165.012799
2,2025-03-24,169.930000,166.250000,2.213534,166.250000,166.700673,166.626043,166.242849,166.653728
2,2025-03-25,172.790000,169.930000,1.683046,169.930000,170.209541,169.985255,170.662882,170.801049
2,2025-03-26,167.140000,172.790000,-3.269865,172.790000,172.996809,172.757282,173.187219,172.522948
2,2025-03-27,164.080000,167.140000,-1.830801,167.140000,167.192557,167.234987,166.352887,165.777387
2,2025-03-28,156.060000,164.080000,-4.887860,164.080000,164.144494,164.166950,164.192922,163.988919
2,2025-03-31,156.230000,156.060000,0.108932,156.060000,156.193651,156.265196,155.946130,155.626576
2,2025-04-01,158.880000,156.230000,1.696217,156.230000,156.604907,156.584759,158.279865,158.659170
2,2025-04-02,158.860000,158.880000,-0.012588,158.880000,159.318785,159.446443,160.642222,159.858770
2,2025-04-03,152.630000,158.860000,-3.921692,158.860000,159.223961,159.251186,159.073544,159.054365
2,2025-04-04,147.740000,152.630000,-3.203826,152.630000,152.949957,153.006513,152.105967,152.078734
2,2025-04-07,149.240000,147.740000,1.015297,147.740000,148.218175,148.403999,147.599590,148.472341
2,2025-04-08,146.580000,149.240000,-1.782364,149.240000,149.640371,150.517752,149.648523,151.043566
2,2025-04-09,161.060000,146.580000,9.878565,146.580000,147.109137,147.182521,147.248062,146.938310
2,2025-04-10,155.370000,161.060000,-3.532845,161.060000,160.618442,161.985290,160.388763,160.084788
2,2025-04-11,159.400000,155.370000,2.593808,155.370000,154.629867,154.558972,153.890721,153.912527
2,2025-04-14,161.470000,159.400000,1.298620,159.400000,158.688914,158.577574,157.720995,157.043793
2,2025-04-15,158.680000,161.470000,-1.727875,161.470000,160.653457,160.484593,161.374571,162.202531
2,2025-04-16,155.500000,158.680000,-2.004033,158.680000,157.780433,157.608652,158.339964,158.416528
2,2025-04-17,153.360000,155.500000,-1.376206,155.500000,155.680234,155.764485,156.071042,155.342152
2,2025-04-21,149.860000,153.360000,-2.282212,153.360000,153.617360,153.609807,152.971520,153.985599
2,2025-04-22,153.900000,149.860000,2.695849,149.860000,150.433530,150.322992,151.396806,149.732080
2,2025-04-23,157.720000,153.900000,2.482131,153.900000,154.425771,154.429288,153.310026,153.062338
2,2025-04-24,161.470000,157.720000,2.377631,157.720000,158.014950,157.990764,157.471003,158.362677
2,2025-04-25,163.850000,161.470000,1.473958,161.470000,161.496867,161.402215,161.852085,160.949341
2,2025-04-28,162.420000,163.850000,-0.872749,163.850000,163.744313,163.752989,164.405351,164.671134
2,2025-04-29,162.060000,162.420000,-0.221648,162.420000,162.229590,162.206960,163.794382,162.495348
2,2025-04-30,160.890000,162.060000,-0.721955,162.060000,161.977926,161.810208,163.507564,162.208382
2,2025-05-01,162.790000,160.890000,1.180931,160.890000,160.985200,160.917934,161.850250,161.430171
2,2025-05-02,165.810000,162.790000,1.855151,162.790000,163.024448,162.958387,163.239341,163.325413
2,2025-05-05,166.050000,165.810000,0.144744,165.810000,165.840104,165.759373,163.877586,165.799935
2,2025-05-06,165.200000,166.050000,-0.511894,166.050000,165.927443,165.953509,166.957461,165.919372
2,2025-05-07,152.800000,165.200000,-7.506053,165.200000,165.106943,165.192882,165.347054,165.319586
2,2025-05-08,155.750000,152.800000,1.930628,152.800000,152.299551,152.445273,151.899677,151.610595
2,2025-05-09,154.380000,155.750000,-0.879615,155.750000,155.649590,155.496984,155.394839,156.037054
2,2025-05-12,159.580000,154.380000,3.368312,154.380000,154.274062,154.203930,155.382429,155.454321
2,2025-05-13,160.890000,159.580000,0.820905,159.580000,159.333820,159.060476,158.292395,158.826130
2,2025-05-14,166.810000,160.890000,3.679533,160.890000,160.534775,160.399781,160.370032,160.448190
2,2025-05-15,165.400000,166.810000,-0.845273,166.810000,166.583138,166.979354,166.179063,166.425917
2,2025-05-16,167.430000,165.400000,1.227328,165.400000,165.022650,164.926998,166.209488,165.827604
2,2025-05-19,167.870000,167.430000,0.262796,167.430000,167.032625,167.094676,167.928021,167.544656
2,2025-05-20,165.320000,167.870000,-1.519033,167.870000,167.511703,167.344016,169.199810,167.843242
2,2025-05-21,170.060000,165.320000,2.867167,165.320000,165.041033,165.145634,164.251936,164.564038
2,2025-05-22,171.980000,170.060000,1.129013,170.060000,169.987228,170.652223,168.784730,169.125416
2,2025-05-23,169.590000,171.980000,-1.389696,171.980000,171.867881,172.173626,171.571208,174.929758
2,2025-05-27,173.980000,169.590000,2.588596,169.590000,169.525621,169.546864,169.613817,169.469732
2,2025-05-28,173.380000,173.980000,-0.344867,173.980000,173.767980,173.629899,172.754305,173.266603
2,2025-05-29,172.960000,173.380000,-0.242242,173.380000,173.117801,173.257907,174.600021,173.682791
2,2025-05-30,172.850000,172.960000,-0.063599,172.960000,172.864921,172.825980,173.270167,173.558472
2,2025-06-02,170.370000,172.850000,-1.434770,172.850000,172.855631,172.765074,173.512822,172.608587
2,2025-06-03,167.710000,170.370000,-1.561308,170.370000,170.441258,170.361843,171.018013,170.371012
2,2025-06-04,169.390000,167.710000,1.001729,167.710000,168.153144,168.197255,168.221156,167.917463
2,2025-06-05,169.810000,169.390000,0.247949,169.390000,169.732314,169.500314,169.427249,169.502697
2,2025-06-06,174.920000,169.810000,3.009246,169.810000,169.839695,169.896068,169.863080,170.655294
2,2025-06-09,177.630000,174.920000,1.549280,174.920000,174.689840,174.675605,174.737503,175.142655
2,2025-06-10,180.010000,177.630000,1.339864,177.630000,177.218632,177.019665,176.925705,177.027361
2,2025-06-11,178.790000,180.010000,-0.677740,180.010000,179.740478,179.986814,180.843916,182.108397
2,2025-06-12,176.970000,178.790000,-1.017954,178.790000,178.472528,178.488849,180.243004,179.569316
2,2025-06-13,175.880000,176.970000,-0.615924,176.970000,176.776967,176.678537,177.031288,176.388538
2,2025-06-16,177.940000,175.880000,1.171253,175.880000,175.930451,176.181276,176.767177,175.908536
2,2025-06-17,177.230000,177.940000,-0.399011,177.940000,178.085909,177.941771,178.788284,178.402766
2,2025-06-18,173.980000,177.230000,-1.833775,177.230000,177.478827,177.496770,176.972883,177.377536
2,2025-06-20,167.730000,173.980000,-3.592367,173.980000,174.165919,174.225414,174.028894,173.452857
2,2025-06-23,166.010000,167.730000,-1.025458,167.730000,167.969683,168.052715,166.923375,166.741462
2,2025-06-24,167.740000,166.010000,1.042106,166.010000,166.397525,166.395514,166.333200,166.341550
2,2025-06-25,171.490000,167.740000,2.235603,167.740000,168.131118,168.107373,167.814384,166.907984
2,2025-06-26,174.430000,171.490000,1.714386,171.490000,171.702157,171.831686,172.090486,170.782717
2,2025-06-27,178.270000,174.430000,2.201456,174.430000,174.431391,174.194670,174.039666,174.823730
2,2025-06-30,177.390000,178.270000,-0.493633,178.270000,178.287205,178.424046,179.821548,181.819293
2,2025-07-01,176.910000,177.390000,-0.270590,177.390000,177.381491,177.421716,178.712349,181.329406
2,2025-07-02,179.760000,176.910000,1.610989,176.910000,176.856693,176.588349,178.490208,177.327739
2,2025-07-03,180.550000,179.760000,0.439475,179.760000,179.703980,179.662776,177.930344,178.754153
2,2025-07-07,177.560000,180.550000,-1.656051,180.550000,180.540052,180.294215,180.471883,180.112265
2,2025-07-08,175.160000,177.560000,-1.351656,177.560000,177.673493,177.677903,178.553436,178.127416
2,2025-07-09,177.660000,175.160000,1.427266,175.160000,175.415561,175.406259,175.665866,175.437830
2,2025-07-10,178.700000,177.660000,0.585388,177.660000,177.898180,178.088753,178.406326,181.019373
2,2025-07-11,181.310000,178.700000,1.460548,178.700000,179.025606,179.011152,180.119738,179.415602
2,2025-07-14,182.810000,181.310000,0.827312,181.310000,181.515336,181.659504,182.042288,181.245321
2,2025-07-15,183.100000,182.810000,0.158635,182.810000,182.946509,182.994502,182.724264,182.890134
2,2025-07-16,183.770000,183.100000,0.365920,183.100000,183.299124,183.382346,183.444055,183.920581
2,2025-07-17,184.700000,183.770000,0.506067,183.770000,184.056418,184.071624,183.074715,184.404439
2,2025-07-18,185.940000,184.700000,0.671359,184.700000,184.962113,184.889653,184.001197,183.954939
2,2025-07-21,191.150000,185.940000,2.801979,185.940000,186.216070,186.174770,184.442724,186.380480
2,2025-07-22,192.110000,191.150000,0.502223,191.150000,190.948797,190.949053,190.412372,190.190617
2,2025-07-23,191.510000,192.110000,-0.312321,192.110000,191.774310,191.694282,192.346632,192.762767
2,2025-07-24,193.200000,191.510000,0.882460,191.510000,191.189511,191.161432,191.859338,190.104763
2,2025-07-25,194.080000,193.200000,0.455487,193.200000,192.958382,193.033160,194.209943,193.700188
2,2025-07-28,193.420000,194.080000,-0.340066,194.080000,193.876276,193.838899,194.893967,193.077433
2,2025-07-29,196.430000,193.420000,1.556199,193.420000,193.584803,193.500494,193.211916,193.521651
2,2025-07-30,197.440000,196.430000,0.514178,196.430000,196.461840,196.403355,195.418522,195.272278
2,2025-07-31,192.860000,197.440000,-2.319692,197.440000,197.410743,197.370259,196.742507,197.094779
2,2025-08-01,189.950000,192.860000,-1.508867,192.860000,192.788454,192.826355,193.058910,193.047420
2,2025-08-04,195.750000,189.950000,3.053435,189.950000,190.017179,190.024724,190.421220,189.940471
2,2025-08-05,195.320000,195.750000,-0.219668,195.750000,195.476304,195.510693,194.700693,195.174262
2,2025-08-06,196.920000,195.320000,0.819169,195.320000,194.995375,195.158751,196.319541,195.474543
2,2025-08-07,197.280000,196.920000,0.182815,196.920000,196.631780,196.422786,197.546571,197.062484
2,2025-08-08,202.090000,197.280000,2.438159,197.280000,197.019024,196.829291,197.776044,197.251063
3,2025-08-11,201.630000,202.090000,-0.227621,202.090000,201.807420,201.911693,200.263537,200.590706
3,2025-08-12,204.160000,201.630000,1.254774,201.630000,201.518018,201.225366,200.849244,200.763757
3,2025-08-13,203.030000,204.160000,-0.553487,204.160000,204.020826,203.952390,204.367688,204.349803
3,2025-08-14,203.820000,203.030000,0.389105,203.030000,202.863919,202.627893,202.303669,204.212554
3,2025-08-15,204.910000,203.820000,0.534786,203.820000,203.685389,203.752479,202.770636,203.051253
3,2025-08-18,204.290000,204.910000,-0.302572,204.910000,205.008310,205.039092,204.945556,205.509004
3,2025-08-19,202.490000,204.290000,-0.881100,204.290000,204.469282,204.505289,203.843098,204.435947
3,2025-08-20,200.190000,202.490000,-1.135859,202.490000,202.810465,202.703358,202.558474,202.687917
3,2025-08-21,200.620000,200.190000,0.214796,200.190000,200.509863,200.322479,200.313295,199.941290
3,2025-08-22,206.720000,200.620000,3.040574,200.620000,201.024600,201.342651,200.743560,200.929104
3,2025-08-25,209.160000,206.720000,1.180341,206.720000,206.757404,206.939554,206.023516,207.477402
3,2025-08-26,207.950000,209.160000,-0.578504,209.160000,209.012543,209.102506,207.953967,207.056270
3,2025-08-27,208.210000,207.950000,0.125030,207.950000,207.824797,207.575961,207.309045,206.544655
3,2025-08-28,212.370000,208.210000,1.997983,208.210000,208.144332,208.157128,208.627872,208.968154
3,2025-08-29,213.530000,212.370000,0.546217,212.370000,212.120623,212.122890,210.660242,209.781065
3,2025-09-02,211.990000,213.530000,-0.721210,213.530000,213.392298,213.557772,212.430644,209.808104
3,2025-09-03,231.100000,211.990000,9.014576,211.990000,211.995921,211.919535,211.160352,209.299922
3,2025-09-04,232.660000,231.100000,0.675032,231.100000,229.724664,229.902497,228.157102,230.099602
3,2025-09-05,235.170000,232.660000,1.078827,232.660000,230.957743,230.634425,231.393264,230.904058
3,2025-09-08,234.160000,235.170000,-0.429477,235.170000,233.455714,233.301259,233.957860,233.630448
3,2025-09-09,239.940000,234.160000,2.468398,234.160000,232.528854,232.726683,233.384050,233.489552
3,2025-09-10,239.560000,239.940000,-0.158373,239.940000,238.198471,238.118838,236.633261,238.811287
3,2025-09-11,240.780000,239.560000,0.509267,239.560000,239.113051,239.282787,237.835651,238.566781
3,2025-09-12,241.380000,240.780000,0.249190,240.780000,240.314342,240.204790,238.991559,240.219305
3,2025-09-15,251.760000,241.380000,4.300273,241.380000,240.951340,240.702120,239.613139,240.588293
3,2025-09-16,251.420000,251.760000,-0.135049,251.760000,250.801555,250.999689,249.048476,249.010527
3,2025-09-17,249.850000,251.420000,-0.624453,251.420000,250.394569,250.352650,251.389597,248.999151
3,2025-09-18,252.330000,249.850000,0.992596,249.850000,248.792691,248.546830,249.516527,250.394498
3,2025-09-19,255.240000,252.330000,1.153252,252.330000,251.199888,251.160671,252.712496,253.137261
3,2025-09-22,252.880000,255.240000,-0.924620,255.240000,254.023945,254.065413,256.062121,252.218317
3,2025-09-23,252.340000,252.880000,-0.213540,252.880000,252.400410,252.431586,251.875022,252.547256
3,2025-09-24,247.830000,252.340000,-1.787271,252.340000,251.961947,252.028614,251.969255,252.759463
3,2025-09-25,246.570000,247.830000,-0.508413,247.830000,247.398286,247.510092,246.883258,247.895040
3,2025-09-26,247.180000,246.570000,0.247394,246.570000,246.353903,246.080484,246.075182,246.025868
3,2025-09-29,244.360000,247.180000,-1.140869,247.180000,247.225585,247.547407,246.638184,247.570788
3,2025-09-30,243.550000,244.360000,-0.331478,244.360000,244.427589,244.660654,243.927756,246.898024
3,2025-10-01,245.540000,243.550000,0.817081,243.550000,243.642730,243.237466,243.642358,243.068246
3,2025-10-02,246.430000,245.540000,0.362466,245.540000,245.919164,246.023144,245.553984,249.384664
3,2025-10-03,246.450000,246.430000,0.008116,246.430000,246.762673,246.609165,246.723609,246.995185
3,2025-10-06,251.510000,246.450000,2.053155,246.450000,246.828996,246.566542,246.824802,246.811525
3,2025-10-07,247.130000,251.510000,-1.741481,251.510000,251.654369,251.668163,247.205706,249.637281
3,2025-10-08,245.460000,247.130000,-0.675758,247.130000,247.201695,247.454627,248.556685,247.592915
3,2025-10-09,242.210000,245.460000,-1.324045,245.460000,245.657449,245.860576,246.583102,245.940453
3,2025-10-10,237.490000,242.210000,-1.948722,242.210000,242.497394,242.390017,242.935556,242.793430
3,2025-10-13,244.640000,237.490000,3.010653,237.490000,237.871555,238.033073,237.926087,238.875686
3,2025-10-14,246.190000,244.640000,0.633584,244.640000,245.093614,244.821888,244.106758,244.110316
3,2025-10-15,251.710000,246.190000,2.242171,246.190000,246.438108,246.492883,246.735063,245.555997
3,2025-10-16,251.880000,251.710000,0.067538,251.710000,251.704785,251.568477,253.293064,251.524319
3,2025-10-17,253.790000,251.880000,0.758298,251.880000,251.833419,252.144981,251.679586,251.958814
3,2025-10-20,257.020000,253.790000,1.272706,253.790000,253.911160,253.727643,255.175364,254.581880
3,2025-10-21,251.340000,257.020000,-2.209945,257.020000,257.312589,257.127453,257.833261,257.971631
3,2025-10-22,252.530000,251.340000,0.473462,251.340000,251.395739,251.129300,252.346926,253.580340
3,2025-10-23,253.730000,252.530000,0.475191,252.530000,252.805494,252.910938,254.094551,254.231481
3,2025-10-24,260.510000,253.730000,2.672132,253.730000,253.941377,254.082504,254.913697,254.517545
3,2025-10-27,269.930000,260.510000,3.615984,260.510000,260.464697,260.513884,258.709005,261.267453
3,2025-10-28,268.430000,269.930000,-0.555700,269.930000,269.392391,269.360887,270.096515,267.738928
3,2025-10-29,275.170000,268.430000,2.510897,268.430000,267.836830,267.936657,268.027092,267.254205
3,2025-10-30,281.900000,275.170000,2.445761,275.170000,274.511081,274.610489,271.201443,270.554607
3,2025-10-31,281.820000,281.900000,-0.028379,281.900000,281.060049,281.194405,278.409134,278.824242
3,2025-11-03,284.120000,281.820000,0.816124,281.820000,280.933866,280.974507,283.781837,279.905111
3,2025-11-04,278.060000,284.120000,-2.132902,284.120000,283.647892,283.573720,285.162821,284.179709
3,2025-11-05,284.750000,278.060000,2.405956,278.060000,277.359710,277.673948,276.869584,277.196740
3,2025-11-06,285.340000,284.750000,0.207199,284.750000,284.099160,284.194344,283.087086,285.045340
3,2025-11-07,279.700000,285.340000,-1.976589,285.340000,284.733081,284.766055,284.993769,283.139969
3,2025-11-10,290.590000,279.700000,3.893457,279.700000,278.993046,278.808425,278.648207,279.033360
3,2025-11-11,291.740000,290.590000,0.395747,290.590000,289.615295,289.523194,291.003512,291.019385
3,2025-11-12,287.430000,291.740000,-1.477343,291.740000,290.635341,290.288327,292.003411,291.689167
3,2025-11-13,279.120000,287.430000,-2.891139,287.430000,286.646831,286.437718,287.787285,288.472509
3,2025-11-14,276.980000,279.120000,-0.766695,279.120000,278.457016,278.466748,278.829776,278.542739
3,2025-11-17,285.600000,276.980000,3.112138,276.980000,276.481250,276.529269,277.713879,276.818701
3,2025-11-18,284.960000,285.600000,-0.224090,285.600000,285.341045,285.954074,285.452173,283.471049
3,2025-11-19,292.990000,284.960000,2.817939,284.960000,284.486642,284.305970,285.642645,284.942466
3,2025-11-20,289.980000,292.990000,-1.027339,292.990000,292.157111,293.058982,294.226062,290.842155
3,2025-11-21,299.650000,289.980000,3.334713,289.980000,289.166056,289.025043,288.914931,287.405067
3,2025-11-24,318.470000,299.650000,6.280661,299.650000,298.725548,299.050443,299.495500,298.277096
3,2025-11-25,323.640000,318.470000,1.623387,318.470000,316.884779,317.131303,314.414506,317.240364
3,2025-11-26,320.280000,323.640000,-1.038191,323.640000,321.651726,321.552177,321.569017,323.430714
3,2025-11-28,320.120000,320.280000,-0.049956,320.280000,318.440970,318.474522,317.943128,320.284900
3,2025-12-01,315.120000,320.120000,-1.561914,320.120000,318.509450,318.410779,319.580975,321.971016
3,2025-12-02,316.020000,315.120000,0.285605,315.120000,313.736179,313.886293,314.834142,314.429910
3,2025-12-03,320.620000,316.020000,1.455604,316.020000,315.991177,316.071822,315.756798,316.850742
3,2025-12-04,318.390000,320.620000,-0.695527,320.620000,320.476933,320.502407,320.614163,317.591190
3,2025-12-05,322.090000,318.390000,1.162097,318.390000,318.320244,318.187447,318.551840,319.793787
3,2025-12-08,314.450000,322.090000,-2.372008,322.090000,321.924172,321.892187,322.831018,322.191261
3,2025-12-09,317.750000,314.450000,1.049451,314.450000,314.046221,313.914537,313.886716,313.228531
3,2025-12-10,321.000000,317.750000,1.022817,317.750000,317.600075,317.316240,317.866987,316.890910
3,2025-12-11,313.700000,321.000000,-2.274143,321.000000,320.874080,320.664837,321.118183,319.779532
3,2025-12-12,310.520000,313.700000,-1.013707,313.700000,313.403926,313.215233,313.116734,315.551501
3,2025-12-15,309.320000,310.520000,-0.386449,310.520000,310.387488,310.256065,310.095112,310.632759
3,2025-12-16,307.730000,309.320000,-0.514031,309.320000,309.207127,308.963301,309.078344,309.777997
3,2025-12-17,298.060000,307.730000,-3.142365,307.730000,307.995563,308.146435,306.553778,307.374230
3,2025-12-18,303.750000,298.060000,1.909012,298.060000,298.561722,298.555428,298.306869,300.127310
3,2025-12-19,308.610000,303.750000,1.600000,303.750000,304.067283,303.857296,303.806106,305.204671
3,2025-12-22,311.330000,308.610000,0.881371,308.610000,308.529199,308.461860,308.482280,308.745408
3,2025-12-23,315.680000,311.330000,1.397231,311.330000,311.249655,310.514420,311.834423,311.710659
3,2025-12-24,315.670000,315.680000,-0.003168,315.680000,315.744664,315.360811,316.700799,314.285183
3,2025-12-26,314.960000,315.670000,-0.224918,315.670000,316.155142,315.383908,317.250654,316.108679
3,2025-12-29,314.390000,314.960000,-0.180975,314.960000,315.491689,315.221624,313.875031,314.824281
3,2025-12-30,314.550000,314.390000,0.050892,314.390000,315.078493,314.648162,315.145980,313.953540
3,2025-12-31,313.800000,314.550000,-0.238436,314.550000,315.241753,315.506350,315.244549,314.485140
