fold,model,validation_accuracy,validation_brier,test_correct_days,test_days,test_accuracy,test_balanced_accuracy,test_brier,test_predicted_up_rate,test_actual_up_rate
1,train-majority,0.640000,0.247220,52,100,0.520000,0.500000,0.249694,1.000000,0.520000
1,logit-close,0.520000,0.248991,54,100,0.540000,0.529647,0.248808,0.760000,0.520000
1,logit-ohlcv,0.500000,0.252267,50,100,0.500000,0.490385,0.249499,0.740000,0.520000
1,gbdt-close,0.500000,0.265554,59,100,0.590000,0.585737,0.248234,0.610000,0.520000
1,gbdt-ohlcv,0.530000,0.259784,55,100,0.550000,0.551282,0.252474,0.470000,0.520000
2,train-majority,0.520000,0.249687,56,100,0.560000,0.500000,0.247341,1.000000,0.560000
2,logit-close,0.530000,0.249087,60,100,0.600000,0.557630,0.245126,0.860000,0.560000
2,logit-ohlcv,0.490000,0.250712,59,100,0.590000,0.548701,0.249666,0.850000,0.560000
2,gbdt-close,0.540000,0.252955,51,100,0.510000,0.504058,0.255543,0.550000,0.560000
2,gbdt-ohlcv,0.610000,0.244272,49,100,0.490000,0.488636,0.260329,0.510000,0.560000
3,train-majority,0.560000,0.247416,53,100,0.530000,0.500000,0.249103,1.000000,0.530000
3,logit-close,0.620000,0.244476,58,100,0.580000,0.559213,0.246852,0.850000,0.530000
3,logit-ohlcv,0.590000,0.250286,54,100,0.540000,0.523886,0.250428,0.770000,0.530000
3,gbdt-close,0.560000,0.251476,49,100,0.490000,0.483942,0.261243,0.600000,0.530000
3,gbdt-ohlcv,0.440000,0.271902,55,100,0.550000,0.541750,0.252346,0.640000,0.530000
