model,validation_mae,validation_rmse,test_mae,test_rmse,test_mape_pct,test_mae_improvement_vs_naive_pct,epochs_run,seconds,device
bidirectional-lstm,11.296534,14.669460,9.869729,12.765647,2.566279,-5.210380,15,0.410906,cuda
bidirectional-vanilla,11.302701,14.668952,10.008822,12.913951,2.602036,-6.693105,15,0.388429,cuda
bidirectional-gru,11.319704,14.660470,9.782184,12.652228,2.546144,-4.277156,15,0.384450,cuda
cnn-seq2seq,11.333293,14.695276,9.837014,12.725666,2.558150,-4.861638,13,0.391585,cuda
dilated-cnn-seq2seq,11.335750,14.699466,9.851959,12.742252,2.561817,-5.020950,13,0.283105,cuda
bidirectional-lstm-seq2seq,11.336822,14.692071,9.678510,12.511769,2.521203,-3.172000,9,0.286713,cuda
lstm-seq2seq,11.340136,14.697992,9.618465,12.433006,2.506368,-2.531932,9,0.248203,cuda
gru-seq2seq,11.340565,14.719126,9.688860,12.526884,2.522207,-3.282338,9,0.244335,cuda
bidirectional-gru-seq2seq,11.343036,14.707203,9.741172,12.591926,2.535869,-3.839972,9,0.258554,cuda
lstm,11.343404,14.695357,9.635301,12.449796,2.512134,-2.711403,9,1.803287,cuda
gru-2path,11.349305,14.656409,9.563377,12.359334,2.495707,-1.944693,9,0.284890,cuda
gru-seq2seq-vae,11.349977,14.696296,9.593890,12.397107,2.501675,-2.269967,12,0.422091,cuda
lstm-seq2seq-vae,11.350592,14.699513,9.596980,12.399747,2.502351,-2.302905,13,0.479046,cuda
gru,11.351674,14.699856,9.640398,12.448645,2.514441,-2.765732,9,0.206548,cuda
vanilla-2path,11.352350,14.648656,9.548274,12.335204,2.493216,-1.783701,9,0.269067,cuda
lstm-2path,11.352687,14.683050,9.580809,12.379640,2.499786,-2.130523,13,0.404670,cuda
vanilla,11.356209,14.668347,9.574769,12.364946,2.498717,-2.066134,9,0.189094,cuda
attention-is-all-you-need,11.368721,14.637695,9.556708,12.333770,2.496822,-1.873612,15,0.542052,cuda
naive,11.425510,14.662504,9.380946,12.162657,2.455748,0.000000,0,0.000003,cpu
hist-gbdt,11.437134,14.861184,10.155030,12.962073,2.655623,-8.251666,0,0.031104,cpu
stacked,11.447098,14.612640,9.430892,12.229430,2.468056,-0.532416,0,0.169906,cpu
ridge,11.570093,14.693812,10.145377,13.073062,2.644064,-8.148758,0,0.001944,cpu
