model,epoch,train_binary_cross_entropy,validation_accuracy,validation_brier
dlinear-direction,1,0.693105,0.530612,0.249819
dlinear-direction,2,0.692452,0.517007,0.249718
dlinear-direction,3,0.691773,0.510204,0.249648
dlinear-direction,4,0.691131,0.503401,0.249527
dlinear-direction,5,0.690340,0.510204,0.249425
dlinear-direction,6,0.689465,0.517007,0.249401
dlinear-direction,7,0.688550,0.503401,0.249356
dlinear-direction,8,0.687544,0.496599,0.249318
dlinear-direction,9,0.686509,0.496599,0.249385
dlinear-direction,10,0.685458,0.503401,0.249518
dlinear-direction,11,0.684248,0.503401,0.249650
dlinear-direction,12,0.683148,0.503401,0.249781
dlinear-direction,13,0.681968,0.489796,0.250151
tsmixer-direction,1,0.693724,0.489796,0.249817
tsmixer-direction,2,0.685976,0.503401,0.249399
tsmixer-direction,3,0.678471,0.523810,0.249749
tsmixer-direction,4,0.670183,0.510204,0.251262
tsmixer-direction,5,0.661522,0.482993,0.253412
tsmixer-direction,6,0.650093,0.482993,0.256682
tsmixer-direction,7,0.639700,0.496599,0.260126
patchtst-direction,1,0.695293,0.523810,0.250566
patchtst-direction,2,0.688426,0.530612,0.248465
patchtst-direction,3,0.683561,0.503401,0.248124
patchtst-direction,4,0.677254,0.510204,0.249598
patchtst-direction,5,0.676338,0.537415,0.253499
patchtst-direction,6,0.670085,0.537415,0.252858
patchtst-direction,7,0.668584,0.523810,0.253991
patchtst-direction,8,0.664759,0.517007,0.255385
itransformer-direction,1,0.693896,0.510204,0.248903
itransformer-direction,2,0.681862,0.489796,0.248544
itransformer-direction,3,0.670868,0.496599,0.250237
itransformer-direction,4,0.660178,0.496599,0.253015
itransformer-direction,5,0.651332,0.517007,0.256197
itransformer-direction,6,0.640625,0.482993,0.259479
itransformer-direction,7,0.630854,0.482993,0.264073
nhits-direction,1,0.693293,0.517007,0.249912
nhits-direction,2,0.691906,0.523810,0.249489
nhits-direction,3,0.689171,0.523810,0.249149
nhits-direction,4,0.683704,0.517007,0.249663
nhits-direction,5,0.671400,0.469388,0.252802
nhits-direction,6,0.648976,0.489796,0.261714
nhits-direction,7,0.618344,0.503401,0.274488
nhits-direction,8,0.581023,0.503401,0.284494
tide-direction,1,0.693346,0.482993,0.249993
tide-direction,2,0.675274,0.510204,0.250839
tide-direction,3,0.642622,0.496599,0.262034
tide-direction,4,0.593591,0.510204,0.292864
tide-direction,5,0.537303,0.496599,0.311622
tide-direction,6,0.469333,0.557823,0.320284
timesnet-direction,1,0.693779,0.523810,0.249457
timesnet-direction,2,0.691760,0.523810,0.249423
timesnet-direction,3,0.689491,0.510204,0.248934
timesnet-direction,4,0.686609,0.496599,0.250459
timesnet-direction,5,0.683593,0.476190,0.251453
timesnet-direction,6,0.679700,0.537415,0.249399
timesnet-direction,7,0.677000,0.551020,0.248077
timesnet-direction,8,0.672683,0.551020,0.246325
timesnet-direction,9,0.672035,0.496599,0.251913
timesnet-direction,10,0.658744,0.537415,0.252113
timesnet-direction,11,0.658247,0.510204,0.248810
timesnet-direction,12,0.643323,0.551020,0.254408
timesnet-direction,13,0.635734,0.530612,0.261012
mamba-style-direction,1,0.693458,0.523810,0.250010
mamba-style-direction,2,0.691235,0.544218,0.249594
mamba-style-direction,3,0.689859,0.503401,0.249905
mamba-style-direction,4,0.688596,0.503401,0.250467
mamba-style-direction,5,0.687877,0.517007,0.251315
mamba-style-direction,6,0.685925,0.510204,0.251820
mamba-style-direction,7,0.684871,0.503401,0.252436
