model,total_correct_days,total_test_days,mean_validation_accuracy,mean_test_brier,overall_test_accuracy
vanilla-2path,156,300,0.520000,0.250594,0.520000
bidirectional-gru,147,300,0.516667,0.251481,0.490000
lstm-2path,162,300,0.553333,0.255446,0.540000
train-majority,151,300,0.510000,0.249936,0.503333
gru-seq2seq-vae,157,300,0.560000,0.249768,0.523333
lstm,160,300,0.543333,0.255123,0.533333
gbdt-window,155,300,0.533333,0.268152,0.516667
bidirectional-gru-seq2seq,158,300,0.506667,0.249794,0.526667
gru-seq2seq,156,300,0.493333,0.249812,0.520000
bidirectional-lstm-seq2seq,164,300,0.510000,0.250507,0.546667
lstm-seq2seq,152,300,0.516667,0.249828,0.506667
gru-2path,154,300,0.530000,0.257841,0.513333
gru,144,300,0.543333,0.256569,0.480000
tcn-residual,147,300,0.540000,0.255238,0.490000
lstm-seq2seq-vae,162,300,0.516667,0.249943,0.540000
logit-window,155,300,0.546667,0.262739,0.516667
bidirectional-lstm,152,300,0.506667,0.252188,0.506667
bidirectional-vanilla,149,300,0.500000,0.251512,0.496667
cnn-seq2seq,154,300,0.496667,0.249970,0.513333
vanilla,133,300,0.486667,0.251713,0.443333
gru-attention,151,300,0.496667,0.251902,0.503333
dilated-cnn-seq2seq,154,300,0.486667,0.249952,0.513333
attention-is-all-you-need,144,300,0.503333,0.252631,0.480000
