Date,ActualUp,train-majority_p_up,train-majority_pred_up,logit-window_p_up,logit-window_pred_up,gbdt-window_p_up,gbdt-window_pred_up,gru_p_up,gru_pred_up,tcn-residual_p_up,tcn-residual_pred_up,gru-attention_p_up,gru-attention_pred_up
2025-06-02,0,0.502907,1,0.394222,0,0.334212,0,0.469651,0,0.496308,0,0.396977,0
2025-06-03,0,0.502907,1,0.453647,0,0.339423,0,0.472547,0,0.497071,0,0.477578,0
2025-06-04,1,0.502907,1,0.434502,0,0.345398,0,0.445627,0,0.494600,0,0.367597,0
2025-06-05,0,0.502907,1,0.598803,1,0.498671,0,0.552884,1,0.505539,1,0.600271,1
2025-06-06,1,0.502907,1,0.434336,0,0.323863,0,0.485108,0,0.495635,0,0.446651,0
2025-06-09,0,0.502907,1,0.589558,1,0.542853,1,0.562775,1,0.501568,1,0.603584,1
2025-06-10,1,0.502907,1,0.470001,0,0.442417,0,0.541613,1,0.496401,0,0.550537,1
2025-06-11,0,0.502907,1,0.488986,0,0.446590,0,0.557428,1,0.509556,1,0.574827,1
2025-06-12,0,0.502907,1,0.482833,0,0.380627,0,0.522425,1,0.498161,0,0.515405,1
2025-06-13,0,0.502907,1,0.434070,0,0.431914,0,0.469421,0,0.496694,0,0.424485,0
2025-06-16,1,0.502907,1,0.377827,0,0.283606,0,0.426151,0,0.488764,0,0.343080,0
2025-06-17,0,0.502907,1,0.581523,1,0.638969,1,0.509421,1,0.499417,0,0.525404,1
2025-06-18,0,0.502907,1,0.550227,1,0.699680,1,0.506651,1,0.498012,0,0.538536,1
2025-06-20,0,0.502907,1,0.459686,0,0.444501,0,0.451310,0,0.488993,0,0.382577,0
2025-06-23,1,0.502907,1,0.166228,0,0.651733,1,0.452607,0,0.493016,0,0.408277,0
2025-06-24,1,0.502907,1,0.745804,1,0.729474,1,0.511964,1,0.506921,1,0.587749,1
2025-06-25,0,0.502907,1,0.666904,1,0.635077,1,0.529700,1,0.499871,0,0.567937,1
2025-06-26,1,0.502907,1,0.618362,1,0.429311,0,0.498538,0,0.498276,0,0.538757,1
2025-06-27,0,0.502907,1,0.628835,1,0.371780,0,0.476636,0,0.501743,1,0.431217,0
2025-06-30,1,0.502907,1,0.449926,0,0.303789,0,0.461492,0,0.496372,0,0.385546,0
2025-07-01,1,0.502907,1,0.559042,1,0.478977,0,0.547254,1,0.507216,1,0.572580,1
2025-07-02,0,0.502907,1,0.472107,0,0.456661,0,0.546101,1,0.502624,1,0.561578,1
2025-07-03,1,0.502907,1,0.486484,0,0.535640,1,0.500790,1,0.495926,0,0.453826,0
2025-07-07,0,0.502907,1,0.568170,1,0.389711,0,0.549842,1,0.503197,1,0.578154,1
2025-07-08,1,0.502907,1,0.389511,0,0.442089,0,0.443622,0,0.487265,0,0.376892,0
2025-07-09,0,0.502907,1,0.457058,0,0.583772,1,0.516659,1,0.498733,0,0.524438,1
2025-07-10,0,0.502907,1,0.412695,0,0.487931,0,0.457087,0,0.492131,0,0.388412,0
2025-07-11,0,0.502907,1,0.336856,0,0.422929,0,0.430384,0,0.484399,0,0.341179,0
2025-07-14,0,0.502907,1,0.433442,0,0.345652,0,0.427045,0,0.490594,0,0.385734,0
2025-07-15,0,0.502907,1,0.504123,1,0.734098,1,0.446731,0,0.495428,0,0.450344,0
2025-07-16,1,0.502907,1,0.522402,1,0.471735,0,0.461654,0,0.497218,0,0.484279,0
2025-07-17,1,0.502907,1,0.557418,1,0.485212,0,0.545666,1,0.507501,1,0.608024,1
2025-07-18,0,0.502907,1,0.485147,0,0.359226,0,0.531343,1,0.504368,1,0.543594,1
2025-07-21,1,0.502907,1,0.473700,0,0.411088,0,0.497324,0,0.499492,0,0.454387,0
2025-07-22,1,0.502907,1,0.573898,1,0.522211,1,0.550302,1,0.499686,0,0.581695,1
2025-07-23,0,0.502907,1,0.506478,1,0.527946,1,0.544724,1,0.508863,1,0.565005,1
2025-07-24,0,0.502907,1,0.518062,1,0.567444,1,0.544827,1,0.497300,0,0.557869,1
2025-07-25,1,0.502907,1,0.373336,0,0.362372,0,0.432574,0,0.492910,0,0.360243,0
2025-07-28,0,0.502907,1,0.557037,1,0.760178,1,0.514363,1,0.500699,1,0.572318,1
2025-07-29,1,0.502907,1,0.420537,0,0.320380,0,0.423763,0,0.484030,0,0.342246,0
2025-07-30,0,0.502907,1,0.550177,1,0.464050,0,0.490512,0,0.509202,1,0.501076,1
2025-07-31,0,0.502907,1,0.488478,0,0.405063,0,0.424638,0,0.489767,0,0.345182,0
2025-08-01,0,0.502907,1,0.425153,0,0.344422,0,0.421870,0,0.491171,0,0.356468,0
2025-08-04,1,0.502907,1,0.374326,0,0.259235,0,0.414846,0,0.485683,0,0.344626,0
2025-08-05,0,0.502907,1,0.635712,1,0.635448,1,0.512388,1,0.503108,1,0.623511,1
2025-08-06,1,0.502907,1,0.334319,0,0.216876,0,0.420319,0,0.485998,0,0.364913,0
2025-08-07,0,0.502907,1,0.554108,1,0.433696,0,0.456519,0,0.501094,1,0.461156,0
2025-08-08,0,0.502907,1,0.503893,1,0.359058,0,0.463473,0,0.491835,0,0.493874,0
2025-08-11,0,0.502907,1,0.644899,1,0.585136,1,0.495168,0,0.494986,0,0.607046,1
2025-08-12,0,0.502907,1,0.549842,1,0.697421,1,0.496730,0,0.496849,0,0.575908,1
2025-08-13,1,0.502907,1,0.580011,1,0.724152,1,0.502912,1,0.494748,0,0.566466,1
2025-08-14,1,0.502907,1,0.635808,1,0.607124,1,0.524658,1,0.507416,1,0.572772,1
2025-08-15,1,0.502907,1,0.550616,1,0.502331,1,0.514659,1,0.501242,1,0.569404,1
2025-08-18,1,0.502907,1,0.577106,1,0.571228,1,0.527855,1,0.499632,0,0.577224,1
2025-08-19,1,0.502907,1,0.551151,1,0.466509,0,0.517761,1,0.505039,1,0.562073,1
2025-08-20,0,0.502907,1,0.580213,1,0.650457,1,0.544460,1,0.502045,1,0.566231,1
2025-08-21,0,0.502907,1,0.489534,0,0.571870,1,0.532364,1,0.494767,0,0.546761,1
2025-08-22,1,0.502907,1,0.566557,1,0.703062,1,0.513338,1,0.497177,0,0.576493,1
2025-08-25,0,0.502907,1,0.535441,1,0.566674,1,0.535043,1,0.498155,0,0.563911,1
2025-08-26,0,0.502907,1,0.514137,1,0.670353,1,0.523850,1,0.495252,0,0.570764,1
2025-08-27,1,0.502907,1,0.422957,0,0.426471,0,0.465121,0,0.497047,0,0.423935,0
2025-08-28,0,0.502907,1,0.643667,1,0.618479,1,0.550776,1,0.501131,1,0.613038,1
2025-08-29,1,0.502907,1,0.490769,0,0.497602,0,0.494040,0,0.497281,0,0.506490,1
2025-09-02,0,0.502907,1,0.575205,1,0.501509,1,0.551990,1,0.509293,1,0.584491,1
2025-09-03,0,0.502907,1,0.388273,0,0.594783,1,0.471999,0,0.494965,0,0.422076,0
2025-09-04,0,0.502907,1,0.542869,1,0.592761,1,0.470976,0,0.496871,0,0.479851,0
2025-09-05,1,0.502907,1,0.453476,0,0.501633,1,0.479411,0,0.498161,0,0.441578,0
2025-09-08,1,0.502907,1,0.557665,1,0.432295,0,0.502997,1,0.500868,1,0.533663,1
2025-09-09,0,0.502907,1,0.516512,1,0.453483,0,0.499707,0,0.501635,1,0.508377,1
2025-09-10,0,0.502907,1,0.573279,1,0.637989,1,0.497564,0,0.493022,0,0.553363,1
2025-09-11,1,0.502907,1,0.452737,0,0.445517,0,0.453959,0,0.484305,0,0.431527,0
2025-09-12,0,0.502907,1,0.582789,1,0.593221,1,0.488048,0,0.506010,1,0.580440,1
2025-09-15,0,0.502907,1,0.448493,0,0.317216,0,0.444329,0,0.488636,0,0.460112,0
2025-09-16,0,0.502907,1,0.498602,0,0.423907,0,0.474158,0,0.496725,0,0.526401,1
2025-09-17,1,0.502907,1,0.446640,0,0.404457,0,0.477931,0,0.499050,0,0.534739,1
2025-09-18,0,0.502907,1,0.544919,1,0.602628,1,0.526348,1,0.499699,0,0.595394,1
2025-09-19,1,0.502907,1,0.502508,1,0.491032,0,0.514315,1,0.497357,0,0.584164,1
2025-09-22,1,0.502907,1,0.370554,0,0.564441,1,0.492372,0,0.500434,1,0.487261,0
2025-09-23,0,0.502907,1,0.619496,1,0.625662,1,0.514815,1,0.499650,0,0.612585,1
2025-09-24,1,0.502907,1,0.518339,1,0.379198,0,0.485964,0,0.484922,0,0.557538,1
2025-09-25,0,0.502907,1,0.605374,1,0.571262,1,0.533991,1,0.507930,1,0.619878,1
2025-09-26,1,0.502907,1,0.397056,0,0.438663,0,0.471913,0,0.492146,0,0.484250,0
2025-09-29,1,0.502907,1,0.604481,1,0.667202,1,0.514831,1,0.507157,1,0.591301,1
2025-09-30,0,0.502907,1,0.593156,1,0.547043,1,0.516837,1,0.507673,1,0.566245,1
2025-10-01,0,0.502907,1,0.491740,0,0.599921,1,0.508476,1,0.498322,0,0.544133,1
2025-10-02,1,0.502907,1,0.547198,1,0.644066,1,0.504177,1,0.499921,0,0.547318,1
2025-10-03,1,0.502907,1,0.654665,1,0.548730,1,0.509742,1,0.498753,0,0.577459,1
2025-10-06,1,0.502907,1,0.652576,1,0.581559,1,0.510312,1,0.502019,1,0.585243,1
2025-10-07,1,0.502907,1,0.642363,1,0.436943,0,0.507711,1,0.504105,1,0.566696,1
2025-10-08,1,0.502907,1,0.550997,1,0.584909,1,0.514369,1,0.500983,1,0.552094,1
2025-10-09,0,0.502907,1,0.522552,1,0.459646,0,0.506922,1,0.505574,1,0.535792,1
2025-10-10,0,0.502907,1,0.563023,1,0.540482,1,0.506097,1,0.499911,0,0.559642,1
2025-10-13,1,0.502907,1,0.463673,0,0.415125,0,0.436014,0,0.489452,0,0.443417,0
2025-10-14,1,0.502907,1,0.587303,1,0.530008,1,0.495694,0,0.506889,1,0.575575,1
2025-10-15,0,0.502907,1,0.555832,1,0.422605,0,0.498435,0,0.498618,0,0.546605,1
2025-10-16,0,0.502907,1,0.525380,1,0.578749,1,0.483705,0,0.491835,0,0.538164,1
2025-10-17,1,0.502907,1,0.503484,1,0.342764,0,0.448704,0,0.493846,0,0.488629,0
2025-10-20,1,0.502907,1,0.609792,1,0.592090,1,0.540062,1,0.509391,1,0.602548,1
2025-10-21,1,0.502907,1,0.583349,1,0.591784,1,0.558750,1,0.502863,1,0.593090,1
2025-10-22,0,0.502907,1,0.501696,1,0.470247,0,0.551987,1,0.506114,1,0.562418,1
2025-10-23,1,0.502907,1,0.417558,0,0.582839,1,0.516590,1,0.498902,0,0.529757,1
2025-10-24,0,0.502907,1,0.488674,0,0.475384,0,0.506650,1,0.503590,1,0.526570,1
2025-10-27,1,0.502907,1,0.456251,0,0.612975,1,0.482905,0,0.495900,0,0.497497,0
2025-10-28,1,0.502907,1,0.488001,0,0.493736,0,0.517064,1,0.505743,1,0.528547,1
2025-10-29,0,0.502907,1,0.512043,1,0.560943,1,0.526471,1,0.502098,1,0.541208,1
2025-10-30,1,0.502907,1,0.359827,0,0.357615,0,0.443202,0,0.484814,0,0.383658,0
2025-10-31,1,0.502907,1,0.475865,0,0.517844,1,0.513968,1,0.502149,1,0.540789,1
2025-11-03,0,0.502907,1,0.443216,0,0.438923,0,0.516368,1,0.498839,0,0.537176,1
2025-11-04,0,0.502907,1,0.357940,0,0.415330,0,0.479850,0,0.497139,0,0.414708,0
2025-11-05,1,0.502907,1,0.434939,0,0.604194,1,0.457723,0,0.490352,0,0.436986,0
2025-11-06,0,0.502907,1,0.541694,1,0.596368,1,0.525723,1,0.504688,1,0.597854,1
2025-11-07,1,0.502907,1,0.406548,0,0.292234,0,0.439045,0,0.489749,0,0.426002,0
2025-11-10,0,0.502907,1,0.472898,0,0.506770,1,0.518452,1,0.506494,1,0.542589,1
2025-11-11,0,0.502907,1,0.418142,0,0.796439,1,0.491299,0,0.495750,0,0.478785,0
2025-11-12,1,0.502907,1,0.343893,0,0.405745,0,0.471655,0,0.497797,0,0.407982,0
2025-11-13,1,0.502907,1,0.502949,1,0.506317,1,0.519624,1,0.506163,1,0.566531,1
2025-11-14,0,0.502907,1,0.435001,0,0.421390,0,0.518090,1,0.502294,1,0.541591,1
2025-11-17,0,0.502907,1,0.454977,0,0.664058,1,0.499238,0,0.496794,0,0.549068,1
2025-11-18,0,0.502907,1,0.408020,0,0.658067,1,0.460380,0,0.488601,0,0.468025,0
2025-11-19,1,0.502907,1,0.455247,0,0.452538,0,0.459542,0,0.496522,0,0.436841,0
2025-11-20,0,0.502907,1,0.530451,1,0.627134,1,0.519118,1,0.499287,0,0.601417,1
2025-11-21,1,0.502907,1,0.486796,0,0.557608,1,0.514791,1,0.495733,0,0.574805,1
2025-11-24,0,0.502907,1,0.451712,0,0.548124,1,0.533217,1,0.503730,1,0.541259,1
2025-11-25,1,0.502907,1,0.338536,0,0.383501,0,0.468261,0,0.493175,0,0.451500,0
2025-11-26,0,0.502907,1,0.495183,0,0.624654,1,0.555362,1,0.503181,1,0.579188,1
2025-11-28,1,0.502907,1,0.461327,0,0.681137,1,0.541833,1,0.497227,0,0.570079,1
2025-12-01,1,0.502907,1,0.510029,1,0.642281,1,0.521758,1,0.502056,1,0.563522,1
2025-12-02,1,0.502907,1,0.407326,0,0.601048,1,0.521060,1,0.502269,1,0.532572,1
2025-12-03,1,0.502907,1,0.487707,0,0.496275,0,0.540648,1,0.503663,1,0.550387,1
2025-12-04,0,0.502907,1,0.472867,0,0.479804,0,0.548814,1,0.508775,1,0.548729,1
2025-12-05,0,0.502907,1,0.435922,0,0.329654,0,0.545172,1,0.495037,0,0.541064,1
2025-12-08,0,0.502907,1,0.369953,0,0.429782,0,0.506630,1,0.493683,0,0.499396,0
2025-12-09,1,0.502907,1,0.458216,0,0.567775,1,0.508180,1,0.500123,1,0.506394,1
2025-12-10,1,0.502907,1,0.453467,0,0.477650,0,0.523589,1,0.496439,0,0.513737,1
2025-12-11,0,0.502907,1,0.498185,0,0.440214,0,0.528370,1,0.505281,1,0.518524,1
2025-12-12,1,0.502907,1,0.423112,0,0.433210,0,0.507081,1,0.496103,0,0.489164,0
2025-12-15,1,0.502907,1,0.518829,1,0.473650,0,0.526768,1,0.501012,1,0.521906,1
2025-12-16,0,0.502907,1,0.432281,0,0.285986,0,0.513130,1,0.502168,1,0.510259,1
2025-12-17,1,0.502907,1,0.414088,0,0.389170,0,0.501148,1,0.492987,0,0.472790,0
2025-12-18,0,0.502907,1,0.414552,0,0.358891,0,0.518282,1,0.497990,0,0.517200,1
2025-12-19,1,0.502907,1,0.313587,0,0.480535,0,0.490329,0,0.496698,0,0.473495,0
2025-12-22,0,0.502907,1,0.432167,0,0.452239,0,0.505220,1,0.495891,0,0.502600,1
2025-12-23,1,0.502907,1,0.604803,1,0.555072,1,0.509905,1,0.495960,0,0.567158,1
2025-12-24,0,0.502907,1,0.628031,1,0.359372,0,0.511648,1,0.502643,1,0.546741,1
2025-12-26,1,0.502907,1,0.697658,1,0.443541,0,0.522791,1,0.497479,0,0.561188,1
2025-12-29,1,0.502907,1,0.521443,1,0.482729,0,0.522462,1,0.503816,1,0.532509,1
2025-12-30,0,0.502907,1,0.405795,0,0.368878,0,0.485253,0,0.493808,0,0.475274,0
2025-12-31,0,0.502907,1,0.521051,1,0.686052,1,0.514787,1,0.500136,1,0.525838,1
