Date,Actual,PreviousClose,naive,ridge,hist-gbdt,stacked,lstm,gru,attention-is-all-you-need,cnn-seq2seq
2025-06-02,342.690000,346.460000,346.460000,343.024444,341.869496,346.579812,344.428123,344.373939,345.135801,344.628580
2025-06-03,344.270000,342.690000,342.690000,338.171886,338.099496,342.552372,340.704215,340.638020,341.350289,340.784715
2025-06-04,332.050000,344.270000,344.270000,341.026650,340.992906,344.128791,342.301652,342.224440,342.926522,342.287681
2025-06-05,284.700000,332.050000,332.050000,331.344294,328.772906,332.512260,330.157843,330.070767,330.673378,330.000006
2025-06-06,295.140000,284.700000,284.700000,284.119934,283.123569,284.794972,283.180677,283.105009,283.209661,282.628925
2025-06-09,308.580000,295.140000,295.140000,295.247386,293.621319,295.384966,293.782610,293.665979,293.670414,293.062810
2025-06-10,326.090000,308.580000,308.580000,305.385983,306.208608,308.239008,307.195918,307.036809,307.142156,306.508173
2025-06-11,326.430000,326.090000,326.090000,321.446694,321.942718,325.819092,324.549181,324.371790,324.696075,324.027437
2025-06-12,319.110000,326.430000,326.430000,325.899631,322.381640,327.114075,324.806874,324.646221,325.039007,324.386661
2025-06-13,325.310000,319.110000,319.110000,315.593336,315.061640,319.083914,317.497532,317.353908,317.709286,317.098982
2025-06-16,329.130000,325.310000,325.310000,320.168059,316.813225,325.936277,323.660421,323.518342,323.931123,323.325199
2025-06-17,316.350000,329.130000,329.130000,324.456939,323.293645,329.246476,327.433557,327.296360,327.769293,327.171378
2025-06-18,322.050000,316.350000,316.350000,313.288497,314.101344,316.011858,314.716902,314.589154,314.966115,314.418879
2025-06-20,322.160000,322.050000,322.050000,324.377832,318.691110,323.252758,320.413180,320.277230,320.687766,320.143551
2025-06-23,348.680000,322.160000,322.160000,323.539823,319.426819,322.991189,320.519253,320.381454,320.802331,320.273899
2025-06-24,340.470000,348.680000,348.680000,347.232115,348.921374,348.144075,346.862786,346.728747,347.377626,346.799309
2025-06-25,327.550000,340.470000,340.470000,339.218582,338.756167,340.437408,338.609991,338.500506,339.149013,338.599643
2025-06-26,325.780000,327.550000,327.550000,325.014028,324.071542,327.624036,325.747188,325.645136,326.221784,325.716126
2025-06-27,323.630000,325.780000,325.780000,327.233529,322.515383,326.752827,324.023386,323.913101,324.466324,323.982106
2025-06-30,317.660000,323.630000,323.630000,321.844627,319.675912,323.993610,321.913206,321.793777,322.334356,321.869922
2025-07-01,300.710000,317.660000,317.660000,314.376843,313.705912,317.667427,316.006787,315.880751,316.365341,315.931517
2025-07-02,315.650000,300.710000,300.710000,296.889807,298.548838,300.171004,299.223279,299.100264,299.393623,299.022376
2025-07-03,315.350000,315.650000,315.650000,311.725628,311.621701,315.522273,314.140372,313.988975,314.385372,313.987362
2025-07-07,293.940000,315.350000,315.350000,315.485210,311.272008,316.199274,313.828614,313.673674,314.092839,313.689574
2025-07-08,297.810000,293.940000,293.940000,290.484447,291.238991,293.613791,292.590311,292.459764,292.632075,292.268210
2025-07-09,295.880000,297.810000,297.810000,296.938106,296.135436,297.858491,296.528268,296.386990,296.509794,296.141357
2025-07-10,309.870000,295.880000,295.880000,292.656838,293.285205,295.584250,294.653820,294.509290,294.579486,294.232601
2025-07-11,313.510000,309.870000,309.870000,306.315749,300.911167,310.981748,308.545924,308.376045,308.608619,308.246789
2025-07-14,316.900000,313.510000,313.510000,313.661031,311.330947,313.919565,312.102714,311.932675,312.263107,311.904119
2025-07-15,310.780000,316.900000,316.900000,311.648445,313.400314,316.333210,315.421621,315.257953,315.661627,315.301963
2025-07-16,321.670000,310.780000,310.780000,310.009800,302.695161,312.349705,309.313009,309.162995,309.534794,309.197625
2025-07-17,319.410000,321.670000,321.670000,319.154773,316.408232,322.165437,320.124264,319.969045,320.452642,320.095708
2025-07-18,329.650000,319.410000,319.410000,320.055054,315.443670,320.354441,317.838479,317.691512,318.186462,317.836221
2025-07-21,328.490000,329.650000,329.650000,329.159861,327.737503,329.844840,327.991264,327.845922,328.443483,328.074674
2025-07-22,332.110000,328.490000,328.490000,327.927100,324.386019,329.179328,326.792538,326.658232,327.277562,326.918630
2025-07-23,332.560000,332.110000,332.110000,331.668892,330.019242,332.358131,330.368567,330.240831,330.921529,330.555847
2025-07-24,305.300000,332.560000,332.560000,330.648548,329.763869,332.623203,330.791994,330.670840,331.379635,331.010646
2025-07-25,316.060000,305.300000,305.300000,303.849978,304.355239,305.040573,303.705110,303.595700,304.069130,303.765213
2025-07-28,325.590000,316.060000,316.060000,313.121736,312.795383,315.988429,314.489310,314.355271,314.858678,314.534189
2025-07-29,321.200000,325.590000,325.590000,326.859637,322.325383,326.519096,323.959989,323.813071,324.408411,324.062370
2025-07-30,319.040000,321.200000,321.200000,317.826989,316.798327,321.290586,319.568702,319.427151,320.007267,319.662696
2025-07-31,308.270000,319.040000,319.040000,317.746793,315.327798,319.464162,317.424706,317.285232,317.835260,317.485565
2025-08-01,302.630000,308.270000,308.270000,304.602282,303.868327,308.290503,306.745629,306.611261,307.043962,306.716068
2025-08-04,309.260000,302.630000,302.630000,298.592607,295.480576,303.204291,301.205333,301.069246,301.396527,301.077845
2025-08-05,308.720000,309.260000,309.260000,308.324839,307.301519,309.359750,307.835851,307.683399,308.036202,307.693989
2025-08-06,319.910000,308.720000,308.720000,306.150378,304.318327,309.001638,307.299807,307.144327,307.491386,307.143632
2025-08-07,322.270000,319.910000,319.910000,319.411583,316.197798,320.523168,318.401200,318.236756,318.699186,318.317083
2025-08-08,329.650000,322.270000,322.270000,319.816725,318.547588,322.420674,320.696122,320.539229,321.059565,320.667120
2025-08-11,339.030000,329.650000,329.650000,326.732071,325.901428,329.696285,327.989292,327.840823,328.449228,328.032191
2025-08-12,340.840000,339.030000,339.030000,336.674633,331.792598,340.024834,337.262268,337.128254,337.837297,337.389285
2025-08-13,339.380000,340.840000,340.840000,339.143893,340.091189,340.476291,339.005817,338.890464,339.635600,339.169461
2025-08-14,335.580000,339.380000,339.380000,339.750723,335.845269,340.158409,337.519998,337.416891,338.162003,337.687327
2025-08-15,330.560000,335.580000,335.580000,335.944216,332.315383,336.293781,333.729052,333.629804,334.345336,333.869468
2025-08-18,335.160000,330.560000,330.560000,328.863672,326.903604,330.875264,328.744987,328.642550,329.312993,328.845234
2025-08-19,329.310000,335.160000,335.160000,332.519087,331.895383,335.159141,333.337053,333.227848,333.920091,333.438411
2025-08-20,323.900000,329.310000,329.310000,328.131772,326.045383,329.656977,327.517785,327.406651,328.057676,327.586089
2025-08-21,320.110000,323.900000,323.900000,324.102247,319.945912,324.736280,322.160706,322.044000,322.638825,322.173064
2025-08-22,340.010000,320.110000,320.110000,319.061709,316.155912,320.648893,318.426846,318.302088,318.835062,318.368580
2025-08-25,346.600000,340.010000,340.010000,336.406927,336.055912,339.941349,338.225517,338.092359,338.772803,338.250469
2025-08-26,351.670000,346.600000,346.600000,343.043323,342.198327,346.646910,344.722592,344.606507,345.365565,344.817758
2025-08-27,349.600000,351.670000,351.670000,347.699790,346.698425,351.751661,349.717594,349.622850,350.429565,349.849983
2025-08-28,345.980000,349.600000,349.600000,348.038954,345.076010,350.150049,347.619598,347.540364,348.340453,347.735435
2025-08-29,333.870000,345.980000,345.980000,342.727634,342.379225,345.912238,344.004368,343.930121,344.699861,344.064656
2025-09-02,329.360000,333.870000,333.870000,331.641425,330.269225,334.045702,331.963479,331.883612,332.553211,331.913384
2025-09-03,334.090000,329.360000,329.360000,328.315473,326.329127,329.684184,327.521359,327.426658,328.026756,327.375669
2025-09-04,338.530000,334.090000,334.090000,333.242025,330.489225,334.594019,332.260622,332.152211,332.763923,332.080867
2025-09-05,350.840000,338.530000,338.530000,338.821773,336.188598,339.010949,336.677847,336.566303,337.210591,336.502664
2025-09-08,346.400000,350.840000,350.840000,348.825239,347.809127,350.933456,348.905804,348.803380,349.542647,348.787548
2025-09-09,346.970000,346.400000,346.400000,344.366406,343.369127,346.488977,344.445618,344.357164,345.084732,344.330885
2025-09-10,347.790000,346.970000,346.970000,342.715272,343.369225,346.663870,345.003289,344.920989,345.652800,344.890516
2025-09-11,368.810000,347.790000,347.790000,345.671866,343.266010,348.207570,345.812585,345.733722,346.471638,345.700259
2025-09-12,395.940000,368.810000,368.810000,365.602679,364.286010,368.968554,366.725232,366.662673,367.523560,366.689114
2025-09-15,410.040000,395.940000,395.940000,393.523678,392.339225,396.071055,393.693878,393.678629,394.628131,393.754154
2025-09-16,421.620000,410.040000,410.040000,407.185089,406.439225,410.066756,407.672580,407.710064,408.654776,407.761667
2025-09-17,425.860000,421.620000,421.620000,418.984817,418.019225,421.699008,419.165401,419.244487,420.173268,419.230566
2025-09-18,416.850000,425.860000,425.860000,425.425343,422.829127,426.329216,423.353849,423.459922,424.377734,423.342757
2025-09-19,426.070000,416.850000,416.850000,414.803735,413.249225,417.069057,414.338063,414.452895,415.342059,414.206071
2025-09-22,434.210000,426.070000,426.070000,426.660414,422.469225,426.916077,423.538896,423.656520,424.562545,423.295509
2025-09-23,425.850000,434.210000,434.210000,434.246884,430.609225,434.924444,431.652255,431.777422,432.696600,431.316146
2025-09-24,442.790000,425.850000,425.850000,425.224779,422.249225,426.406991,423.293189,423.421272,424.313475,422.847906
2025-09-25,423.390000,442.790000,442.790000,440.489580,439.189225,442.948617,440.205425,440.338310,441.266496,439.667259
2025-09-26,440.400000,423.390000,423.390000,419.608771,419.789225,423.196471,420.822507,420.955876,421.824257,420.157176
2025-09-29,443.210000,440.400000,440.400000,434.615391,436.799225,439.730054,437.815355,437.947644,438.861636,437.035564
2025-09-30,444.720000,443.210000,443.210000,441.692973,439.609225,443.554914,440.609043,440.747958,441.667806,439.700263
2025-10-01,459.460000,444.720000,444.720000,439.423051,441.119225,444.166023,442.108026,442.252575,443.173539,441.059239
2025-10-02,436.000000,459.460000,459.460000,456.537739,455.859225,459.470739,456.821741,456.974379,457.921126,455.640367
2025-10-03,429.830000,436.000000,436.000000,430.470173,432.399225,435.390643,433.378991,433.534446,434.411574,432.046121
2025-10-06,453.250000,429.830000,429.830000,422.479666,426.229225,428.787714,427.234788,427.378455,428.229131,425.758027
2025-10-07,433.090000,453.250000,453.250000,451.693536,449.649225,453.585535,450.632225,450.774143,451.692774,449.041972
2025-10-08,438.690000,433.090000,433.090000,428.059002,429.489225,432.599268,430.486675,430.630429,431.489604,428.764927
2025-10-09,435.540000,438.690000,438.690000,438.614245,435.089225,439.377658,436.089574,436.228501,437.101895,434.253663
2025-10-10,413.490000,435.540000,435.540000,433.739758,431.939225,435.817563,432.945248,433.081830,433.945025,431.027745
2025-10-13,435.900000,413.490000,413.490000,406.943597,409.889225,412.638894,410.939568,411.064189,411.842988,408.951974
2025-10-14,429.240000,435.900000,435.900000,431.466523,432.299225,435.551362,433.334163,433.452804,434.305316,431.337475
2025-10-15,435.150000,429.240000,429.240000,424.655775,425.639225,428.855513,426.673767,426.795560,427.629634,424.669846
2025-10-16,428.750000,435.150000,435.150000,430.341912,431.549225,434.712277,432.573877,432.698846,433.552759,430.566828
2025-10-17,439.310000,428.750000,428.750000,427.353991,425.149225,429.123692,426.179226,426.305473,427.137054,424.154485
2025-10-20,447.430000,439.310000,439.310000,432.192246,435.709225,438.323023,436.724618,436.853806,437.721405,434.703983
2025-10-21,442.600000,447.430000,447.430000,442.699615,443.829225,447.010755,444.822232,444.960576,445.856949,442.809153
2025-10-22,438.970000,442.600000,442.600000,437.876437,438.999225,442.182378,439.986977,440.131997,441.014150,437.963700
2025-10-23,448.980000,438.970000,438.970000,436.787480,435.369225,439.156655,436.361535,436.506505,437.376313,434.329920
2025-10-24,433.720000,448.980000,448.980000,447.566132,445.379225,449.349445,446.359654,446.505865,447.405984,444.318236
2025-10-27,452.420000,433.720000,433.720000,429.019773,430.119225,433.307927,431.115218,431.260511,432.111310,429.065165
2025-10-28,460.550000,452.420000,452.420000,448.659783,448.819225,452.231468,449.797692,449.942786,450.851392,447.758955
2025-10-29,461.510000,460.550000,460.550000,456.006068,456.949225,460.175095,457.904525,458.058999,458.992098,455.878542
2025-10-30,440.100000,461.510000,461.510000,458.841145,457.909225,461.581001,458.850354,459.013736,459.952890,456.828540
2025-10-31,456.560000,440.100000,440.100000,437.612731,436.499225,440.214183,437.461628,437.624551,438.494570,435.403745
2025-11-03,468.370000,456.560000,456.560000,451.261964,452.959225,456.005764,453.915590,454.072546,454.987133,451.839457
2025-11-04,444.260000,468.370000,468.370000,463.391036,464.769225,467.891641,465.705114,465.867405,466.812291,463.628360
2025-11-05,462.070000,444.260000,444.260000,438.846840,440.659225,443.678387,441.611525,441.776943,442.649195,439.497474
2025-11-06,445.910000,462.070000,462.070000,459.897729,458.469225,462.259092,459.413186,459.574162,460.493389,457.275957
2025-11-07,429.520000,445.910000,445.910000,443.662129,442.309225,446.081114,443.266000,443.426901,444.297119,441.090829
2025-11-10,445.230000,429.520000,429.520000,421.181245,425.919225,428.242661,426.911670,427.060685,427.869683,424.679400
2025-11-11,439.620000,445.230000,445.230000,443.515269,441.629225,445.527898,442.618970,442.758928,443.615199,440.376550
2025-11-12,430.600000,439.620000,439.620000,433.673691,436.019225,438.911600,437.012536,437.152270,437.992485,434.755748
2025-11-13,401.990000,430.600000,430.600000,427.351526,426.999225,430.533164,428.010087,428.145069,428.951239,425.736053
2025-11-14,404.350000,401.990000,401.990000,400.199631,398.389225,402.269911,399.468361,399.583441,400.269691,397.153418
2025-11-17,408.920000,404.350000,404.350000,395.785857,400.749225,403.019062,401.867389,401.957393,402.636385,399.557248
2025-11-18,401.250000,408.920000,408.920000,405.073144,405.319225,408.710864,406.445757,406.525091,407.218575,404.178137
2025-11-19,403.990000,401.250000,401.250000,393.565971,397.649225,400.128359,398.797198,398.869807,399.529877,396.560101
2025-11-20,395.230000,403.990000,403.990000,402.914643,400.389225,404.439946,401.542422,401.611036,402.276888,399.351121
2025-11-21,391.090000,395.230000,395.230000,391.967167,391.629225,395.159749,392.807419,392.870015,393.496746,390.655872
2025-11-24,417.780000,391.090000,391.090000,383.827539,387.489225,390.068611,388.693963,388.746794,389.346204,386.580308
2025-11-25,419.400000,417.780000,417.780000,412.675710,414.179225,417.271838,415.326624,415.391441,416.103201,413.330829
2025-11-26,426.580000,419.400000,419.400000,414.377758,415.799225,418.911350,416.910251,416.995528,417.733481,415.010714
2025-11-28,430.170000,426.580000,426.580000,425.560696,422.979225,427.043275,424.056961,424.159349,424.938408,422.234674
2025-12-01,430.140000,430.170000,430.170000,427.855093,426.569225,430.325172,427.622723,427.738573,428.536590,425.849954
2025-12-02,429.240000,430.140000,430.140000,425.692998,426.539225,429.788146,427.580649,427.704427,428.513698,425.859198
2025-12-03,446.740000,429.240000,429.240000,425.736025,425.639225,429.112404,426.676882,426.803501,427.636992,425.000135
2025-12-04,454.530000,446.740000,446.740000,443.069258,443.139225,446.572746,444.145200,444.279922,445.173738,442.509660
2025-12-05,455.000000,454.530000,454.530000,454.494905,450.929225,455.227327,451.905142,452.053438,452.991375,450.307767
2025-12-08,439.580000,455.000000,455.000000,454.050141,451.399225,455.479790,452.358788,452.517158,453.454972,450.762604
2025-12-09,445.170000,439.580000,439.580000,436.233900,435.979225,439.489948,436.952992,437.111536,438.000327,435.329424
2025-12-10,451.450000,445.170000,445.170000,439.432633,441.569225,444.511288,442.546411,442.698726,443.602593,440.911664
2025-12-11,446.890000,451.450000,451.450000,446.785158,447.849225,451.046342,448.818164,448.970281,449.890600,447.170265
2025-12-12,458.960000,446.890000,446.890000,444.360760,443.289225,446.994202,444.258928,444.412360,445.317219,442.575469
2025-12-15,475.310000,458.960000,458.960000,455.988844,455.359225,458.959112,456.314073,456.469887,457.402713,454.574755
2025-12-16,489.880000,475.310000,475.310000,471.122360,471.709225,475.019824,472.635883,472.800978,473.756212,470.841103
2025-12-17,467.260000,489.880000,489.880000,482.203906,486.279225,488.760246,487.176660,487.353890,488.305923,485.310736
2025-12-18,483.370000,467.260000,467.260000,462.765974,463.659225,466.896963,464.558555,464.746505,465.643944,462.597787
2025-12-19,481.200000,483.370000,483.370000,479.130468,479.769225,483.067483,480.662438,480.846269,481.775298,478.602161
2025-12-22,488.730000,481.200000,481.200000,479.156223,477.599225,481.419649,478.488161,478.674448,479.596057,476.321650
2025-12-23,485.560000,488.730000,488.730000,483.474895,485.129225,488.185973,486.011242,486.197728,487.131993,483.739416
2025-12-24,485.400000,485.560000,485.560000,484.204380,481.959225,485.943297,482.838602,483.027743,483.951139,480.483422
2025-12-26,475.190000,485.400000,485.400000,480.437684,481.799225,484.925601,482.678569,482.867511,483.788004,480.240779
2025-12-29,459.640000,475.190000,475.190000,470.379740,471.589225,474.751760,472.476743,472.665115,473.557492,469.965004
2025-12-30,454.430000,459.640000,459.640000,457.210822,456.039225,459.767998,456.948645,457.130888,457.975198,454.368864
2025-12-31,449.720000,454.430000,454.430000,449.313727,450.829225,453.918988,451.760594,451.930752,452.754813,449.123142
