fold,model,validation_mae,validation_rmse,test_mae,test_rmse,test_mape_pct,test_mae_improvement_vs_naive_pct,epochs_run,seconds,device
1,attention-is-all-you-need,2.459222,3.409626,2.621162,3.558449,1.120985,-0.013795,15,0.489592,cuda
1,naive,2.484900,3.419833,2.620800,3.549075,1.120386,0.000000,0,0.000012,cpu
1,gru,2.530838,3.443095,2.635852,3.542194,1.126033,-0.574312,9,1.870467,cuda
1,ridge,2.630452,3.504412,2.781310,3.608514,1.184966,-6.124464,0,0.002176,cpu
2,gru,2.619208,3.555749,3.228071,5.210021,1.590644,0.383537,15,0.365979,cuda
2,attention-is-all-you-need,2.619968,3.562547,3.227066,5.209323,1.590301,0.414566,9,0.352027,cuda
2,naive,2.620800,3.549075,3.240500,5.209935,1.595847,0.000000,0,0.000003,cpu
2,ridge,2.637945,3.576921,3.300177,5.230531,1.625562,-1.841590,0,0.001920,cpu
3,ridge,3.218050,5.227663,2.311884,3.193340,0.911244,-3.213726,0,0.001708,cpu
3,attention-is-all-you-need,3.219653,5.209372,2.234685,3.108738,0.881206,0.232819,9,0.363967,cuda
3,gru,3.223709,5.196889,2.277369,3.194392,0.896461,-1.672801,11,0.312110,cuda
3,naive,3.240500,5.209935,2.239900,3.143076,0.882710,0.000000,0,0.000002,cpu
