fold,Date,ActualUp,ActualReturnPct,train-majority_p_up,train-majority_pred_up,logit-close_p_up,logit-close_pred_up,logit-ohlcv_p_up,logit-ohlcv_pred_up,gbdt-close_p_up,gbdt-close_pred_up,gbdt-ohlcv_p_up,gbdt-ohlcv_pred_up
1,2024-10-21,0,-0.838242,0.508591,1,0.478584,0,0.435768,0,0.383430,0,0.564750,1
1,2024-10-22,0,-0.402102,0.508591,1,0.475512,0,0.452569,0,0.448258,0,0.465606,0
1,2024-10-23,0,-1.981924,0.508591,1,0.472201,0,0.434189,0,0.420876,0,0.508881,1
1,2024-10-24,1,21.919026,0.508591,1,0.477759,0,0.473647,0,0.408388,0,0.359122,0
1,2024-10-25,1,3.343827,0.508591,1,0.458422,0,0.458821,0,0.363641,0,0.382271,0
1,2024-10-28,0,-2.481519,0.508591,1,0.505903,1,0.487124,0,0.283941,0,0.198287,0
1,2024-10-29,0,-1.139004,0.508591,1,0.522275,1,0.436987,0,0.430889,0,0.511877,1
1,2024-10-30,0,-0.759094,0.508591,1,0.520701,1,0.419867,0,0.420123,0,0.361460,0
1,2024-10-31,0,-2.989711,0.508591,1,0.521070,1,0.400323,0,0.402614,0,0.440189,0
1,2024-11-01,0,-0.348209,0.508591,1,0.525643,1,0.512448,1,0.346949,0,0.448165,0
1,2024-11-04,0,-2.466062,0.508591,1,0.508957,1,0.484158,0,0.402074,0,0.445829,0
1,2024-11-05,1,3.541426,0.508591,1,0.517164,1,0.532705,1,0.379403,0,0.367327,0
1,2024-11-06,1,14.751034,0.508591,1,0.503993,1,0.486049,0,0.300235,0,0.569209,1
1,2024-11-07,1,2.904377,0.508591,1,0.501459,1,0.456064,0,0.442780,0,0.546664,1
1,2024-11-08,1,8.187666,0.508591,1,0.528894,1,0.522408,1,0.425263,0,0.567656,1
1,2024-11-11,1,8.959592,0.508591,1,0.534749,1,0.664929,1,0.641477,1,0.546814,1
1,2024-11-12,0,-6.145714,0.508591,1,0.519502,1,0.580634,1,0.653058,1,0.719875,1
1,2024-11-13,1,0.532741,0.508591,1,0.584081,1,0.607694,1,0.769917,1,0.709711,1
1,2024-11-14,0,-5.771560,0.508591,1,0.580914,1,0.601238,1,0.644580,1,0.696848,1
1,2024-11-15,1,3.065750,0.508591,1,0.605969,1,0.593840,1,0.707311,1,0.677391,1
1,2024-11-18,1,5.618608,0.508591,1,0.591240,1,0.573300,1,0.408358,0,0.577824,1
1,2024-11-19,1,2.143237,0.508591,1,0.598374,1,0.582748,1,0.520840,1,0.640758,1
1,2024-11-20,0,-1.147399,0.508591,1,0.595914,1,0.591657,1,0.553914,1,0.530708,1
1,2024-11-21,0,-0.698769,0.508591,1,0.610537,1,0.574323,1,0.525313,1,0.480290,0
1,2024-11-22,1,3.804028,0.508591,1,0.543663,1,0.521624,1,0.602346,1,0.514055,1
1,2024-11-25,0,-3.962446,0.508591,1,0.530980,1,0.596749,1,0.650450,1,0.671220,1
1,2024-11-26,0,-0.106323,0.508591,1,0.566502,1,0.603681,1,0.675095,1,0.659088,1
1,2024-11-27,0,-1.578807,0.508591,1,0.559947,1,0.522225,1,0.484407,0,0.604532,1
1,2024-11-29,1,3.685902,0.508591,1,0.563235,1,0.556375,1,0.590158,1,0.774083,1
1,2024-12-02,1,3.456368,0.508591,1,0.559048,1,0.515731,1,0.534461,1,0.672360,1
1,2024-12-03,0,-1.587835,0.508591,1,0.568435,1,0.518191,1,0.325662,0,0.369090,0
1,2024-12-04,1,1.852484,0.508591,1,0.577310,1,0.529889,1,0.472669,0,0.428183,0
1,2024-12-05,1,3.229682,0.508591,1,0.560375,1,0.527632,1,0.521945,1,0.584076,1
1,2024-12-06,1,5.339793,0.508591,1,0.522243,1,0.540427,1,0.489566,0,0.591455,1
1,2024-12-09,1,0.146447,0.508591,1,0.520469,1,0.549728,1,0.571375,1,0.566671,1
1,2024-12-10,1,2.873342,0.508591,1,0.525580,1,0.586652,1,0.481870,0,0.642072,1
1,2024-12-11,1,5.930322,0.508591,1,0.494168,0,0.530199,1,0.423832,0,0.642307,1
1,2024-12-12,0,-1.570262,0.508591,1,0.504713,1,0.561555,1,0.655112,1,0.611449,1
1,2024-12-13,1,4.336283,0.508591,1,0.535937,1,0.517738,1,0.490124,0,0.370809,0
1,2024-12-16,1,6.141256,0.508591,1,0.542165,1,0.573963,1,0.661399,1,0.609286,1
1,2024-12-17,1,3.636992,0.508591,1,0.533725,1,0.599485,1,0.629196,1,0.560930,1
1,2024-12-18,0,-8.279498,0.508591,1,0.534904,1,0.585901,1,0.722541,1,0.663938,1
1,2024-12-19,0,-0.899734,0.508591,1,0.585267,1,0.743770,1,0.721165,1,0.657369,1
1,2024-12-20,0,-3.464246,0.508591,1,0.563471,1,0.616348,1,0.600971,1,0.674195,1
1,2024-12-23,1,2.265710,0.508591,1,0.576804,1,0.607027,1,0.780908,1,0.660433,1
1,2024-12-24,1,7.357176,0.508591,1,0.557924,1,0.529720,1,0.628720,1,0.632620,1
1,2024-12-26,0,-1.763001,0.508591,1,0.567915,1,0.572613,1,0.551033,1,0.535013,1
1,2024-12-27,0,-4.947922,0.508591,1,0.570523,1,0.521004,1,0.552699,1,0.378404,0
1,2024-12-30,0,-3.301209,0.508591,1,0.582433,1,0.576069,1,0.648569,1,0.659788,1
1,2024-12-31,0,-3.251000,0.508591,1,0.563087,1,0.497283,0,0.691816,1,0.558928,1
1,2025-01-02,0,-6.081616,0.508591,1,0.558310,1,0.553435,1,0.716486,1,0.607013,1
1,2025-01-03,1,8.215566,0.508591,1,0.558973,1,0.591592,1,0.725149,1,0.801946,1
1,2025-01-06,1,0.148621,0.508591,1,0.538166,1,0.596456,1,0.615828,1,0.527107,1
1,2025-01-07,0,-4.060333,0.508591,1,0.546654,1,0.533937,1,0.550869,1,0.626620,1
1,2025-01-08,1,0.147074,0.508591,1,0.543997,1,0.537205,1,0.295453,0,0.523095,1
1,2025-01-10,0,-0.050641,0.508591,1,0.525838,1,0.476878,0,0.329281,0,0.512068,1
1,2025-01-13,1,2.171049,0.508591,1,0.505968,1,0.517453,1,0.452183,0,0.504029,1
1,2025-01-14,0,-1.723240,0.508591,1,0.490950,0,0.549304,1,0.512258,1,0.339534,0
1,2025-01-15,1,8.038147,0.508591,1,0.505223,1,0.551137,1,0.452889,0,0.486291,0
1,2025-01-16,0,-3.362757,0.508591,1,0.471136,0,0.497684,0,0.466108,0,0.412507,0
1,2025-01-17,1,3.064134,0.508591,1,0.499020,0,0.459594,0,0.472519,0,0.446041,0
1,2025-01-21,0,-0.569754,0.508591,1,0.474550,0,0.463236,0,0.359914,0,0.465215,0
1,2025-01-22,0,-2.112859,0.508591,1,0.502642,1,0.529586,1,0.458363,0,0.361032,0
1,2025-01-23,0,-0.657657,0.508591,1,0.506154,1,0.453287,0,0.439510,0,0.315955,0
1,2025-01-24,0,-1.406470,0.508591,1,0.508029,1,0.465034,0,0.477226,0,0.423507,0
1,2025-01-27,0,-2.319347,0.508591,1,0.498934,0,0.467331,0,0.341191,0,0.407679,0
1,2025-01-28,1,0.236686,0.508591,1,0.489042,0,0.516759,1,0.377028,0,0.571149,1
1,2025-01-29,0,-2.258283,0.508591,1,0.484743,0,0.484190,0,0.439146,0,0.613113,1
1,2025-01-30,1,2.873297,0.508591,1,0.496493,0,0.496925,0,0.412029,0,0.414022,0
1,2025-01-31,1,1.079245,0.508591,1,0.491935,0,0.551695,1,0.420513,0,0.350868,0
1,2025-02-03,0,-5.170539,0.508591,1,0.500607,1,0.512184,1,0.442493,0,0.428692,0
1,2025-02-04,1,2.223207,0.508591,1,0.529887,1,0.536701,1,0.417117,0,0.651284,1
1,2025-02-05,0,-3.579715,0.508591,1,0.497512,0,0.469579,0,0.449324,0,0.409490,0
1,2025-02-06,0,-1.018061,0.508591,1,0.511814,1,0.472428,0,0.408035,0,0.461914,0
1,2025-02-07,0,-3.392819,0.508591,1,0.512267,1,0.497412,0,0.575634,1,0.663848,1
1,2025-02-10,0,-3.011448,0.508591,1,0.518979,1,0.533733,1,0.639441,1,0.604703,1
1,2025-02-11,0,-6.338209,0.508591,1,0.507723,1,0.485822,0,0.507636,1,0.300444,0
1,2025-02-12,1,2.438356,0.508591,1,0.514297,1,0.585827,1,0.646015,1,0.667843,1
1,2025-02-13,1,5.773974,0.508591,1,0.493647,0,0.508187,1,0.614333,1,0.587134,1
1,2025-02-14,0,-0.028095,0.508591,1,0.480312,0,0.460351,0,0.476127,0,0.584237,1
1,2025-02-18,0,-0.486174,0.508591,1,0.495452,0,0.460676,0,0.407766,0,0.341783,0
1,2025-02-19,1,1.821468,0.508591,1,0.486376,0,0.419882,0,0.468032,0,0.502472,1
1,2025-02-20,0,-1.708454,0.508591,1,0.458169,0,0.457381,0,0.363709,0,0.491981,0
1,2025-02-21,0,-4.683973,0.508591,1,0.478398,0,0.462046,0,0.530138,1,0.544710,1
1,2025-02-24,0,-2.152161,0.508591,1,0.495168,0,0.527995,1,0.522092,1,0.599974,1
1,2025-02-25,0,-8.389556,0.508591,1,0.489882,0,0.510597,1,0.614576,1,0.598757,1
1,2025-02-26,0,-3.963012,0.508591,1,0.519107,1,0.627284,1,0.611778,1,0.571734,1
1,2025-02-27,0,-3.043329,0.508591,1,0.502547,1,0.549977,1,0.701229,1,0.606342,1
1,2025-02-28,1,3.912041,0.508591,1,0.499262,0,0.519068,1,0.568002,1,0.594887,1
1,2025-03-03,0,-2.843197,0.508591,1,0.479932,0,0.535763,1,0.623523,1,0.561735,1
1,2025-03-04,0,-4.430002,0.508591,1,0.495643,0,0.569296,1,0.559704,1,0.435571,0
1,2025-03-05,1,2.595207,0.508591,1,0.489680,0,0.583973,1,0.674699,1,0.815965,1
1,2025-03-06,0,-5.607309,0.508591,1,0.461848,0,0.457877,0,0.602796,1,0.474316,0
1,2025-03-07,0,-0.296071,0.508591,1,0.489993,0,0.481144,0,0.659679,1,0.542712,1
1,2025-03-10,0,-15.426200,0.508591,1,0.476224,0,0.513597,1,0.539804,1,0.413302,0
1,2025-03-11,1,3.794733,0.508591,1,0.543542,1,0.684835,1,0.778376,1,0.803996,1
1,2025-03-12,1,7.593894,0.508591,1,0.489819,0,0.533051,1,0.677551,1,0.594726,1
1,2025-03-13,0,-2.986819,0.508591,1,0.494712,0,0.401697,0,0.576618,1,0.626740,1
1,2025-03-14,1,3.864052,0.508591,1,0.513631,1,0.482154,0,0.682053,1,0.570056,1
1,2025-03-17,0,-4.788383,0.508591,1,0.487346,0,0.405468,0,0.588023,1,0.588112,1
2,2025-03-18,0,-5.335910,0.516129,1,0.513107,1,0.509492,1,0.595586,1,0.554362,1
2,2025-03-19,1,4.682438,0.516129,1,0.515479,1,0.479591,0,0.685156,1,0.794901,1
2,2025-03-20,1,0.169592,0.516129,1,0.435869,0,0.434687,0,0.591878,1,0.486696,0
2,2025-03-21,1,5.269618,0.516129,1,0.469833,0,0.416810,0,0.516214,1,0.394907,0
2,2025-03-24,1,11.933577,0.516129,1,0.448268,0,0.493936,0,0.454652,0,0.422158,0
2,2025-03-25,1,3.502281,0.516129,1,0.435137,0,0.534091,1,0.428100,0,0.427855,0
2,2025-03-26,0,-5.580621,0.516129,1,0.495504,0,0.529674,1,0.475424,0,0.551561,1
2,2025-03-27,1,0.393296,0.516129,1,0.577892,1,0.597709,1,0.435472,0,0.395655,0
2,2025-03-28,0,-3.507487,0.516129,1,0.540280,1,0.604150,1,0.421336,0,0.402787,0
2,2025-03-31,0,-1.665718,0.516129,1,0.559459,1,0.520121,1,0.448883,0,0.528417,1
2,2025-04-01,1,3.588517,0.516129,1,0.511706,1,0.580550,1,0.383252,0,0.754273,1
2,2025-04-02,1,5.326678,0.516129,1,0.486650,0,0.550408,1,0.383159,0,0.545807,1
2,2025-04-03,0,-5.474607,0.516129,1,0.481519,0,0.733525,1,0.421571,0,0.697673,1
2,2025-04-04,0,-10.419784,0.516129,1,0.568940,1,0.599204,1,0.271594,0,0.695505,1
2,2025-04-07,0,-2.564424,0.516129,1,0.603747,1,0.678765,1,0.709887,1,0.735418,1
2,2025-04-08,0,-4.899481,0.516129,1,0.570942,1,0.789606,1,0.659849,1,0.788812,1
2,2025-04-09,1,22.689985,0.516129,1,0.564419,1,0.675869,1,0.635034,1,0.433040,0
2,2025-04-10,0,-7.274063,0.516129,1,0.462890,0,0.791967,1,0.477147,0,0.501907,1
2,2025-04-11,0,-0.035658,0.516129,1,0.668190,1,0.637934,1,0.628144,1,0.688425,1
2,2025-04-14,1,0.015854,0.516129,1,0.604109,1,0.506824,1,0.394512,0,0.349220,0
2,2025-04-15,1,0.697444,0.516129,1,0.610889,1,0.472117,0,0.557132,1,0.541413,1
2,2025-04-16,0,-4.942741,0.516129,1,0.612724,1,0.451669,0,0.525955,1,0.698116,1
2,2025-04-17,0,-0.074519,0.516129,1,0.554573,1,0.575564,1,0.345489,0,0.311493,0
2,2025-04-21,0,-5.746365,0.516129,1,0.507249,1,0.419133,0,0.329894,0,0.419506,0
2,2025-04-22,1,4.602198,0.516129,1,0.537182,1,0.500722,1,0.696742,1,0.762072,1
2,2025-04-23,1,5.366223,0.516129,1,0.464564,0,0.465334,0,0.547011,1,0.497762,0
2,2025-04-24,1,3.497647,0.516129,1,0.471515,0,0.457334,0,0.428504,0,0.411118,0
2,2025-04-25,1,9.803090,0.516129,1,0.494833,0,0.435301,0,0.444802,0,0.439441,0
2,2025-04-28,1,0.326373,0.516129,1,0.477416,0,0.619672,1,0.416851,0,0.491075,0
2,2025-04-29,1,2.151252,0.516129,1,0.532093,1,0.602500,1,0.635163,1,0.577171,1
2,2025-04-30,0,-3.379790,0.516129,1,0.527305,1,0.511869,1,0.681948,1,0.672748,1
2,2025-05-01,0,-0.581231,0.516129,1,0.564847,1,0.556635,1,0.460706,0,0.718439,1
2,2025-05-02,1,2.384857,0.516129,1,0.535174,1,0.496698,0,0.368776,0,0.358777,0
2,2025-05-05,0,-2.419832,0.516129,1,0.499734,0,0.517922,1,0.604508,1,0.648353,1
2,2025-05-06,0,-1.751945,0.516129,1,0.553025,1,0.511035,1,0.580286,1,0.497201,0
2,2025-05-07,1,0.315962,0.516129,1,0.545265,1,0.478238,0,0.475977,0,0.448583,0
2,2025-05-08,1,3.113460,0.516129,1,0.538478,1,0.456299,0,0.450957,0,0.459330,0
2,2025-05-09,1,4.718770,0.516129,1,0.490744,0,0.481928,0,0.364565,0,0.519783,1
2,2025-05-12,1,6.745792,0.516129,1,0.508818,1,0.574630,1,0.575316,1,0.681226,1
2,2025-05-13,1,4.928073,0.516129,1,0.512705,1,0.460808,0,0.429552,0,0.453608,0
2,2025-05-14,1,4.073996,0.516129,1,0.528009,1,0.621044,1,0.719265,1,0.648698,1
2,2025-05-15,0,-1.397837,0.516129,1,0.531771,1,0.564259,1,0.815153,1,0.723884,1
2,2025-05-16,1,2.088560,0.516129,1,0.595737,1,0.574062,1,0.660748,1,0.561606,1
2,2025-05-19,0,-2.254415,0.516129,1,0.575857,1,0.523083,1,0.699472,1,0.583690,1
2,2025-05-20,1,0.505715,0.516129,1,0.614346,1,0.571377,1,0.630115,1,0.557042,1
2,2025-05-21,0,-2.675819,0.516129,1,0.578305,1,0.596781,1,0.532423,1,0.658732,1
2,2025-05-22,1,1.918594,0.516129,1,0.575858,1,0.583117,1,0.579386,1,0.630503,1
2,2025-05-23,0,-0.498475,0.516129,1,0.542623,1,0.564271,1,0.566999,1,0.698576,1
2,2025-05-27,1,6.939942,0.516129,1,0.535348,1,0.501536,1,0.392840,0,0.595980,1
2,2025-05-28,0,-1.650638,0.516129,1,0.513212,1,0.532254,1,0.496649,0,0.614046,1
2,2025-05-29,1,0.428692,0.516129,1,0.569343,1,0.512801,1,0.493074,0,0.428013,0
2,2025-05-30,0,-3.339564,0.516129,1,0.558266,1,0.513252,1,0.557287,1,0.478191,0
2,2025-06-02,0,-1.088149,0.516129,1,0.584075,1,0.615772,1,0.622829,1,0.730476,1
2,2025-06-03,1,0.461058,0.516129,1,0.561334,1,0.523421,1,0.524619,1,0.532756,1
2,2025-06-04,0,-3.549540,0.516129,1,0.531056,1,0.542375,1,0.410572,0,0.509547,1
2,2025-06-05,0,-14.259901,0.516129,1,0.559630,1,0.578784,1,0.586086,1,0.666083,1
2,2025-06-06,1,3.667018,0.516129,1,0.640486,1,0.828459,1,0.591227,1,0.356521,0
2,2025-06-09,1,4.553771,0.516129,1,0.526246,1,0.507667,1,0.359794,0,0.412515,0
2,2025-06-10,1,5.674379,0.516129,1,0.528516,1,0.623933,1,0.460855,0,0.392198,0
2,2025-06-11,1,0.104266,0.516129,1,0.526657,1,0.502667,1,0.245222,0,0.526234,1
2,2025-06-12,0,-2.242441,0.516129,1,0.558301,1,0.472767,0,0.445062,0,0.466645,0
2,2025-06-13,1,1.942904,0.516129,1,0.518741,1,0.533995,1,0.357343,0,0.482508,0
2,2025-06-16,1,1.174265,0.516129,1,0.492298,0,0.565653,1,0.404969,0,0.473287,0
2,2025-06-17,0,-3.882964,0.516129,1,0.492459,0,0.404137,0,0.504087,1,0.560614,1
2,2025-06-18,1,1.801802,0.516129,1,0.520147,1,0.494415,0,0.529012,1,0.522271,1
2,2025-06-20,1,0.034156,0.516129,1,0.483313,0,0.481549,0,0.451071,0,0.592148,1
2,2025-06-23,1,8.231934,0.516129,1,0.498596,0,0.501194,1,0.531150,1,0.593997,1
2,2025-06-24,0,-2.354594,0.516129,1,0.469955,0,0.627134,1,0.380923,0,0.465494,0
2,2025-06-25,0,-3.794754,0.516129,1,0.546446,1,0.514414,1,0.386084,0,0.615451,1
2,2025-06-26,0,-0.540376,0.516129,1,0.539712,1,0.549280,1,0.389397,0,0.432602,0
2,2025-06-27,0,-0.659955,0.516129,1,0.517215,1,0.428478,0,0.479094,0,0.379607,0
2,2025-06-30,0,-1.844699,0.516129,1,0.516484,1,0.451460,0,0.479094,0,0.480489,0
2,2025-07-01,0,-5.335894,0.516129,1,0.491829,0,0.456252,0,0.454465,0,0.490039,0
2,2025-07-02,1,4.968242,0.516129,1,0.517600,1,0.570394,1,0.526709,1,0.771882,1
2,2025-07-03,0,-0.095042,0.516129,1,0.467054,0,0.433224,0,0.502749,1,0.497336,0
2,2025-07-07,0,-6.789282,0.516129,1,0.509708,1,0.372738,0,0.470921,0,0.391505,0
2,2025-07-08,1,1.316595,0.516129,1,0.580100,1,0.563351,1,0.356782,0,0.565424,1
2,2025-07-09,0,-0.648064,0.516129,1,0.520296,1,0.471771,0,0.283447,0,0.380829,0
2,2025-07-10,1,4.728268,0.516129,1,0.521085,1,0.430530,0,0.466797,0,0.346343,0
2,2025-07-11,1,1.174686,0.516129,1,0.479640,0,0.445350,0,0.563297,1,0.514534,1
2,2025-07-14,1,1.081305,0.516129,1,0.508063,1,0.430521,0,0.454652,0,0.437312,0
2,2025-07-15,0,-1.931209,0.516129,1,0.492835,0,0.458532,0,0.422999,0,0.524632,1
2,2025-07-16,1,3.504086,0.516129,1,0.513307,1,0.480337,0,0.464303,0,0.599598,1
2,2025-07-17,0,-0.702583,0.516129,1,0.478763,0,0.472537,0,0.397997,0,0.391081,0
2,2025-07-18,1,3.205911,0.516129,1,0.508869,1,0.453370,0,0.341068,0,0.307625,0
2,2025-07-21,0,-0.351888,0.516129,1,0.486246,0,0.465001,0,0.376158,0,0.380756,0
2,2025-07-22,1,1.102012,0.516129,1,0.512034,1,0.477687,0,0.404879,0,0.423694,0
2,2025-07-23,1,0.135497,0.516129,1,0.485559,0,0.477423,0,0.508335,1,0.373325,0
2,2025-07-24,0,-8.197017,0.516129,1,0.492185,0,0.480968,0,0.472390,0,0.522208,1
2,2025-07-25,1,3.524402,0.516129,1,0.571447,1,0.604090,1,0.459239,0,0.719301,1
2,2025-07-28,1,3.015250,0.516129,1,0.493684,0,0.547857,1,0.483006,0,0.602340,1
2,2025-07-29,0,-1.348322,0.516129,1,0.507355,1,0.513218,1,0.284479,0,0.450908,0
2,2025-07-30,0,-0.672478,0.516129,1,0.539258,1,0.467442,0,0.321884,0,0.277327,0
2,2025-07-31,0,-3.375752,0.516129,1,0.542444,1,0.492858,0,0.452098,0,0.397267,0
2,2025-08-01,0,-1.829565,0.516129,1,0.531282,1,0.530647,1,0.628717,1,0.647319,1
2,2025-08-04,1,2.190794,0.516129,1,0.510318,1,0.502859,1,0.460892,0,0.457363,0
2,2025-08-05,0,-0.174610,0.516129,1,0.493208,0,0.449899,0,0.439740,0,0.395333,0
2,2025-08-06,1,3.624644,0.516129,1,0.508239,1,0.436540,0,0.318888,0,0.407422,0
2,2025-08-07,1,0.737707,0.516129,1,0.496882,0,0.493484,0,0.534085,1,0.669842,1
2,2025-08-08,1,2.290005,0.516129,1,0.504164,1,0.430488,0,0.373404,0,0.323975,0
3,2025-08-11,1,2.845442,0.505115,1,0.483882,0,0.529918,1,0.545529,1,0.579932,1
3,2025-08-12,1,0.533876,0.505115,1,0.484692,0,0.523872,1,0.687990,1,0.799143,1
3,2025-08-13,0,-0.428353,0.505115,1,0.497819,0,0.478388,0,0.517037,1,0.556286,1
3,2025-08-14,0,-1.119689,0.505115,1,0.498884,0,0.481097,0,0.372556,0,0.369429,0
3,2025-08-15,0,-1.495918,0.505115,1,0.504816,1,0.485509,0,0.362721,0,0.478394,0
3,2025-08-18,1,1.391578,0.505115,1,0.501728,1,0.481545,0,0.358680,0,0.310304,0
3,2025-08-19,0,-1.745435,0.505115,1,0.492769,0,0.423663,0,0.470129,0,0.310844,0
3,2025-08-20,0,-1.642829,0.505115,1,0.503148,1,0.505933,1,0.494428,0,0.319918,0
3,2025-08-21,0,-1.170114,0.505115,1,0.500898,1,0.519124,1,0.466518,0,0.517108,1
3,2025-08-22,1,6.216613,0.505115,1,0.513918,1,0.454897,0,0.418108,0,0.315547,0
3,2025-08-25,1,1.938178,0.505115,1,0.487847,0,0.564062,1,0.459524,0,0.494116,0
3,2025-08-26,1,1.462781,0.505115,1,0.502843,1,0.517916,1,0.489754,0,0.487902,0
3,2025-08-27,0,-0.588620,0.505115,1,0.505482,1,0.465564,0,0.574144,1,0.382334,0
3,2025-08-28,0,-1.035469,0.505115,1,0.511834,1,0.459830,0,0.535423,1,0.399593,0
3,2025-08-29,0,-3.500202,0.505115,1,0.518683,1,0.494428,0,0.535423,1,0.473367,0
3,2025-09-02,0,-1.350825,0.505115,1,0.534528,1,0.559732,1,0.506706,1,0.594115,1
3,2025-09-03,1,1.436119,0.505115,1,0.520297,1,0.481724,0,0.442394,0,0.496578,0
3,2025-09-04,1,1.328983,0.505115,1,0.512158,1,0.548405,1,0.534316,1,0.776994,1
3,2025-09-05,1,3.636310,0.505115,1,0.506737,1,0.438990,0,0.556631,1,0.386021,0
3,2025-09-08,0,-1.265534,0.505115,1,0.500425,1,0.519843,1,0.552332,1,0.620431,1
3,2025-09-09,1,0.164550,0.505115,1,0.507535,1,0.509048,1,0.444287,0,0.460482,0
3,2025-09-10,1,0.236332,0.505115,1,0.492924,0,0.425707,0,0.327106,0,0.413605,0
3,2025-09-11,1,6.043877,0.505115,1,0.493647,0,0.487963,0,0.327106,0,0.374906,0
3,2025-09-12,1,7.356091,0.505115,1,0.481554,0,0.575741,1,0.525949,1,0.481668,0
3,2025-09-15,1,3.561146,0.505115,1,0.493569,0,0.657626,1,0.585038,1,0.576149,1
3,2025-09-16,1,2.824115,0.505115,1,0.512020,1,0.585328,1,0.578447,1,0.533481,1
3,2025-09-17,1,1.005645,0.505115,1,0.512644,1,0.516767,1,0.629434,1,0.592498,1
3,2025-09-18,0,-2.115719,0.505115,1,0.525040,1,0.580778,1,0.578927,1,0.720452,1
3,2025-09-19,1,2.211827,0.505115,1,0.552207,1,0.544989,1,0.427472,0,0.560451,1
3,2025-09-22,1,1.910484,0.505115,1,0.544742,1,0.518779,1,0.733735,1,0.562277,1
3,2025-09-23,0,-1.925336,0.505115,1,0.536257,1,0.562632,1,0.598650,1,0.502485,1
3,2025-09-24,1,3.977926,0.505115,1,0.549114,1,0.541095,1,0.463202,0,0.480828,0
3,2025-09-25,0,-4.381309,0.505115,1,0.529606,1,0.529066,1,0.571391,1,0.529998,1
3,2025-09-26,1,4.017572,0.505115,1,0.560388,1,0.557556,1,0.532494,1,0.520822,1
3,2025-09-29,1,0.638056,0.505115,1,0.537183,1,0.542563,1,0.567375,1,0.566629,1
3,2025-09-30,1,0.340696,0.505115,1,0.563250,1,0.506551,1,0.546338,1,0.508511,1
3,2025-10-01,1,3.314445,0.505115,1,0.565093,1,0.492997,0,0.526654,1,0.505902,1
3,2025-10-02,0,-5.105994,0.505115,1,0.558117,1,0.584486,1,0.491726,0,0.687077,1
3,2025-10-03,0,-1.415138,0.505115,1,0.577423,1,0.640527,1,0.580876,1,0.537853,1
3,2025-10-06,1,5.448666,0.505115,1,0.554651,1,0.619729,1,0.510158,1,0.685478,1
3,2025-10-07,0,-4.447876,0.505115,1,0.541217,1,0.489560,0,0.527139,1,0.492488,0
3,2025-10-08,1,1.293034,0.505115,1,0.578167,1,0.565648,1,0.566962,1,0.633840,1
3,2025-10-09,0,-0.718047,0.505115,1,0.558352,1,0.468195,0,0.417429,0,0.504122,1
3,2025-10-10,0,-5.062681,0.505115,1,0.542442,1,0.449099,0,0.531931,1,0.501264,1
3,2025-10-13,1,5.419720,0.505115,1,0.540516,1,0.582416,1,0.447803,0,0.346725,0
3,2025-10-14,0,-1.527873,0.505115,1,0.500790,1,0.447562,0,0.473638,0,0.501788,1
3,2025-10-15,1,1.376852,0.505115,1,0.515086,1,0.471141,0,0.365579,0,0.338497,0
3,2025-10-16,0,-1.470757,0.505115,1,0.503700,1,0.432458,0,0.358888,0,0.470904,0
3,2025-10-17,1,2.462974,0.505115,1,0.517994,1,0.480050,0,0.350062,0,0.385476,0
3,2025-10-20,1,1.848353,0.505115,1,0.488337,0,0.499854,0,0.490738,0,0.361073,0
3,2025-10-21,0,-1.079498,0.505115,1,0.491089,0,0.416125,0,0.446676,0,0.455519,0
3,2025-10-22,0,-0.820154,0.505115,1,0.503977,1,0.427091,0,0.319630,0,0.331778,0
3,2025-10-23,1,2.280338,0.505115,1,0.496256,0,0.491236,0,0.358680,0,0.396648,0
3,2025-10-24,0,-3.398815,0.505115,1,0.492053,0,0.675159,1,0.594281,1,0.751523,1
3,2025-10-27,1,4.311537,0.505115,1,0.510430,1,0.540903,1,0.420714,0,0.514219,1
3,2025-10-28,1,1.797003,0.505115,1,0.485500,0,0.528591,1,0.575248,1,0.574024,1
3,2025-10-29,1,0.208446,0.505115,1,0.495050,0,0.470779,0,0.404588,0,0.396272,0
3,2025-10-30,0,-4.639119,0.505115,1,0.493625,0,0.429525,0,0.424155,0,0.372037,0
3,2025-10-31,1,3.740059,0.505115,1,0.526922,1,0.497318,0,0.391930,0,0.336700,0
3,2025-11-03,1,2.586736,0.505115,1,0.493241,0,0.460293,0,0.525296,1,0.530566,1
3,2025-11-04,0,-5.147640,0.505115,1,0.493129,0,0.508672,1,0.439525,0,0.510939,1
3,2025-11-05,1,4.008914,0.505115,1,0.535852,1,0.537369,1,0.536328,1,0.205971,0
3,2025-11-06,0,-3.497306,0.505115,1,0.500937,1,0.506907,1,0.481411,0,0.544064,1
3,2025-11-07,0,-3.675630,0.505115,1,0.523583,1,0.580277,1,0.367881,0,0.364671,0
3,2025-11-10,1,3.657571,0.505115,1,0.535542,1,0.540977,1,0.400209,0,0.330240,0
3,2025-11-11,0,-1.260023,0.505115,1,0.501502,1,0.448325,0,0.368682,0,0.352712,0
3,2025-11-12,0,-2.051772,0.505115,1,0.515014,1,0.426590,0,0.365579,0,0.354532,0
3,2025-11-13,0,-6.644217,0.505115,1,0.515372,1,0.449727,0,0.345430,0,0.327822,0
3,2025-11-14,1,0.587079,0.505115,1,0.531063,1,0.599328,1,0.479058,0,0.376773,0
3,2025-11-17,1,1.130209,0.505115,1,0.492664,0,0.608719,1,0.382834,0,0.733059,1
3,2025-11-18,0,-1.875673,0.505115,1,0.489112,0,0.573767,1,0.490150,0,0.682233,1
3,2025-11-19,1,0.682866,0.505115,1,0.500815,1,0.475733,0,0.403570,0,0.506112,1
3,2025-11-20,0,-2.168371,0.505115,1,0.490472,0,0.436539,0,0.417258,0,0.503962,1
3,2025-11-21,0,-1.047491,0.505115,1,0.481762,0,0.594376,1,0.452077,0,0.584518,1
3,2025-11-24,1,6.824516,0.505115,1,0.483100,0,0.511610,1,0.545873,1,0.754839,1
3,2025-11-25,1,0.387764,0.505115,1,0.457156,0,0.479771,0,0.477749,0,0.422686,0
3,2025-11-26,1,1.711969,0.505115,1,0.477370,0,0.430525,0,0.443060,0,0.407469,0
3,2025-11-28,1,0.841577,0.505115,1,0.473325,0,0.376464,0,0.444967,0,0.419807,0
3,2025-12-01,0,-0.006974,0.505115,1,0.481495,0,0.334608,0,0.431458,0,0.446753,0
3,2025-12-02,0,-0.209234,0.505115,1,0.475663,0,0.403274,0,0.417086,0,0.452993,0
3,2025-12-03,1,4.076973,0.505115,1,0.472080,0,0.467604,0,0.375443,0,0.544773,1
3,2025-12-04,1,1.743744,0.505115,1,0.471379,0,0.497264,0,0.585429,1,0.357669,0
3,2025-12-05,1,0.103404,0.505115,1,0.476643,0,0.425562,0,0.520654,1,0.386037,0
3,2025-12-08,0,-3.389011,0.505115,1,0.492079,0,0.425280,0,0.327106,0,0.427341,0
3,2025-12-09,1,1.271668,0.505115,1,0.515472,1,0.494817,0,0.539888,1,0.288452,0
3,2025-12-10,1,1.410697,0.505115,1,0.489458,0,0.473685,0,0.417097,0,0.420995,0
3,2025-12-11,0,-1.010079,0.505115,1,0.495071,0,0.465177,0,0.426625,0,0.424319,0
3,2025-12-12,1,2.700888,0.505115,1,0.510159,1,0.435703,0,0.300075,0,0.341940,0
3,2025-12-15,1,3.562402,0.505115,1,0.514121,1,0.568900,1,0.626255,1,0.592019,1
3,2025-12-16,1,3.065368,0.505115,1,0.505457,1,0.552449,1,0.596111,1,0.710361,1
3,2025-12-17,0,-4.617457,0.505115,1,0.510044,1,0.609156,1,0.596111,1,0.748874,1
3,2025-12-18,1,3.447759,0.505115,1,0.550114,1,0.614551,1,0.561966,1,0.670332,1
3,2025-12-19,0,-0.448931,0.505115,1,0.517381,1,0.523560,1,0.510751,1,0.579646,1
3,2025-12-22,1,1.564838,0.505115,1,0.542008,1,0.545535,1,0.481842,0,0.579955,1
3,2025-12-23,0,-0.648620,0.505115,1,0.541548,1,0.526732,1,0.514605,1,0.633484,1
3,2025-12-24,0,-0.032952,0.505115,1,0.536729,1,0.462686,0,0.500254,1,0.367200,0
3,2025-12-26,0,-2.103420,0.505115,1,0.522040,1,0.435312,0,0.459086,0,0.586044,1
3,2025-12-29,0,-3.272375,0.505115,1,0.527221,1,0.508673,1,0.437403,0,0.465972,0
3,2025-12-30,0,-1.133496,0.505115,1,0.528729,1,0.502281,1,0.580021,1,0.291476,0
3,2025-12-31,0,-1.036463,0.505115,1,0.518188,1,0.475710,0,0.494761,0,0.324884,0
