Date,ActualUp,train-majority_p_up,train-majority_pred_up,logit-window_p_up,logit-window_pred_up,gbdt-window_p_up,gbdt-window_pred_up,lstm_p_up,lstm_pred_up,bidirectional-lstm_p_up,bidirectional-lstm_pred_up,lstm-2path_p_up,lstm-2path_pred_up,gru_p_up,gru_pred_up,bidirectional-gru_p_up,bidirectional-gru_pred_up,gru-2path_p_up,gru-2path_pred_up,vanilla_p_up,vanilla_pred_up,bidirectional-vanilla_p_up,bidirectional-vanilla_pred_up,vanilla-2path_p_up,vanilla-2path_pred_up,lstm-seq2seq_p_up,lstm-seq2seq_pred_up,bidirectional-lstm-seq2seq_p_up,bidirectional-lstm-seq2seq_pred_up,lstm-seq2seq-vae_p_up,lstm-seq2seq-vae_pred_up,gru-seq2seq_p_up,gru-seq2seq_pred_up,bidirectional-gru-seq2seq_p_up,bidirectional-gru-seq2seq_pred_up,gru-seq2seq-vae_p_up,gru-seq2seq-vae_pred_up,attention-is-all-you-need_p_up,attention-is-all-you-need_pred_up,cnn-seq2seq_p_up,cnn-seq2seq_pred_up,dilated-cnn-seq2seq_p_up,dilated-cnn-seq2seq_pred_up,tcn-residual_p_up,tcn-residual_pred_up,gru-attention_p_up,gru-attention_pred_up
2025-03-18,0,0.532943,1,0.670752,1,0.562419,1,0.533152,1,0.518458,1,0.512589,1,0.528227,1,0.547227,1,0.533211,1,0.506948,1,0.504673,1,0.508290,1,0.501612,1,0.501899,1,0.501717,1,0.502672,1,0.503449,1,0.503974,1,0.525259,1,0.502672,1,0.502553,1,0.523552,1,0.575128,1
2025-03-19,1,0.532943,1,0.668675,1,0.481169,0,0.526051,1,0.510413,1,0.510127,1,0.525179,1,0.544933,1,0.521907,1,0.506518,1,0.507689,1,0.507776,1,0.501688,1,0.501100,1,0.501612,1,0.501329,1,0.504492,1,0.503651,1,0.518168,1,0.502628,1,0.502563,1,0.516386,1,0.564931,1
2025-03-20,0,0.532943,1,0.726673,1,0.554083,1,0.537127,1,0.515218,1,0.515579,1,0.529188,1,0.552092,1,0.536069,1,0.506403,1,0.511959,1,0.507369,1,0.502496,1,0.502701,1,0.502074,1,0.505707,1,0.504881,1,0.504850,1,0.525946,1,0.502674,1,0.502489,1,0.515978,1,0.584286,1
2025-03-21,1,0.532943,1,0.670296,1,0.482668,0,0.531732,1,0.508493,1,0.513805,1,0.520591,1,0.530773,1,0.530219,1,0.505941,1,0.502720,1,0.506380,1,0.501752,1,0.501741,1,0.501461,1,0.503314,1,0.501852,1,0.503646,1,0.520002,1,0.502596,1,0.502451,1,0.519663,1,0.567743,1
2025-03-24,1,0.532943,1,0.541417,1,0.427556,0,0.514331,1,0.508094,1,0.509968,1,0.511071,1,0.524216,1,0.518260,1,0.493337,0,0.502869,1,0.501337,1,0.500430,1,0.500753,1,0.500777,1,0.499823,0,0.500520,1,0.502311,1,0.474012,0,0.502489,1,0.502411,1,0.487843,0,0.528159,1
2025-03-25,1,0.532943,1,0.679650,1,0.491789,0,0.532890,1,0.511931,1,0.515276,1,0.529035,1,0.536206,1,0.536527,1,0.510929,1,0.506695,1,0.511877,1,0.504315,1,0.503917,1,0.503130,1,0.507534,1,0.506816,1,0.507623,1,0.536985,1,0.502450,1,0.502382,1,0.522974,1,0.573176,1
2025-03-26,0,0.532943,1,0.515731,1,0.538569,1,0.524295,1,0.511542,1,0.512555,1,0.520376,1,0.527247,1,0.528810,1,0.507288,1,0.508867,1,0.507774,1,0.502942,1,0.502957,1,0.502442,1,0.504653,1,0.504353,1,0.505910,1,0.524933,1,0.502442,1,0.502355,1,0.522045,1,0.546998,1
2025-03-27,0,0.532943,1,0.379213,0,0.311829,0,0.508686,1,0.507102,1,0.504100,1,0.507274,1,0.516648,1,0.512630,1,0.496256,0,0.499379,0,0.501717,1,0.498885,0,0.500096,1,0.500663,1,0.497410,0,0.499723,0,0.500523,1,0.475308,0,0.502448,1,0.502394,1,0.490877,0,0.515405,1
2025-03-28,0,0.532943,1,0.512675,1,0.413300,0,0.510150,1,0.511897,1,0.507145,1,0.508113,1,0.522887,1,0.519039,1,0.503670,1,0.505848,1,0.502146,1,0.500750,1,0.501522,1,0.501645,1,0.500906,1,0.502285,1,0.503401,1,0.500122,1,0.502406,1,0.502370,1,0.500099,1,0.520855,1
2025-03-31,1,0.532943,1,0.481748,0,0.615251,1,0.506183,1,0.504579,1,0.504975,1,0.504830,1,0.509766,1,0.512495,1,0.500103,1,0.501699,1,0.501896,1,0.498593,0,0.499937,0,0.500659,1,0.497131,0,0.499400,0,0.500038,1,0.488935,0,0.502509,1,0.502494,1,0.495325,0,0.522217,1
2025-04-01,1,0.532943,1,0.652653,1,0.612865,1,0.525452,1,0.510682,1,0.512207,1,0.521031,1,0.529594,1,0.525168,1,0.508774,1,0.508509,1,0.508294,1,0.502931,1,0.501839,1,0.501868,1,0.504262,1,0.503393,1,0.504892,1,0.524460,1,0.502444,1,0.502457,1,0.525546,1,0.564174,1
2025-04-02,0,0.532943,1,0.653386,1,0.500630,1,0.526766,1,0.518451,1,0.514020,1,0.521119,1,0.544554,1,0.534104,1,0.510013,1,0.510976,1,0.507194,1,0.502700,1,0.502837,1,0.502262,1,0.505173,1,0.503463,1,0.505424,1,0.522565,1,0.502510,1,0.502468,1,0.504926,1,0.557739,1
2025-04-03,0,0.532943,1,0.614950,1,0.489573,0,0.521668,1,0.511211,1,0.512019,1,0.511108,1,0.514119,1,0.522665,1,0.503307,1,0.502995,1,0.504261,1,0.501679,1,0.501766,1,0.501483,1,0.502290,1,0.501234,1,0.503757,1,0.513588,1,0.502494,1,0.502493,1,0.519849,1,0.533478,1
2025-04-04,0,0.532943,1,0.454819,0,0.384497,0,0.505707,1,0.507196,1,0.505001,1,0.495480,0,0.510805,1,0.504881,1,0.495577,0,0.501136,1,0.500858,1,0.498341,0,0.499210,0,0.499400,0,0.495510,0,0.496620,0,0.498634,0,0.482031,0,0.502542,1,0.502502,1,0.489912,0,0.501073,1
2025-04-07,1,0.532943,1,0.575655,1,0.407797,0,0.509798,1,0.504138,1,0.507456,1,0.499264,0,0.507901,1,0.512286,1,0.501521,1,0.499478,0,0.500676,1,0.499531,0,0.500391,1,0.500260,1,0.498158,0,0.499098,0,0.499781,0,0.500083,1,0.502612,1,0.502564,1,0.509959,1,0.517092,1
2025-04-08,0,0.532943,1,0.617600,1,0.551700,1,0.516463,1,0.508210,1,0.511413,1,0.505004,1,0.516504,1,0.514470,1,0.503746,1,0.506133,1,0.502319,1,0.501365,1,0.501028,1,0.500624,1,0.503305,1,0.499775,0,0.501014,1,0.513139,1,0.502704,1,0.502575,1,0.507268,1,0.530857,1
2025-04-09,1,0.532943,1,0.579522,1,0.644455,1,0.525567,1,0.513939,1,0.514452,1,0.512325,1,0.531993,1,0.521086,1,0.514287,1,0.507638,1,0.511343,1,0.502976,1,0.503227,1,0.503057,1,0.505255,1,0.507406,1,0.507622,1,0.526818,1,0.502724,1,0.502629,1,0.508826,1,0.552847,1
2025-04-10,0,0.532943,1,0.289516,0,0.456397,0,0.512392,1,0.511595,1,0.509536,1,0.509794,1,0.521145,1,0.515101,1,0.499168,0,0.504503,1,0.502181,1,0.502310,1,0.501979,1,0.502228,1,0.503824,1,0.501621,1,0.504407,1,0.498102,0,0.502771,1,0.502594,1,0.494973,0,0.517019,1
2025-04-11,1,0.532943,1,0.328898,0,0.408262,0,0.527041,1,0.514840,1,0.507429,1,0.510939,1,0.524921,1,0.509595,1,0.508275,1,0.505356,1,0.507030,1,0.502044,1,0.501432,1,0.501958,1,0.501462,1,0.503528,1,0.503952,1,0.526242,1,0.502611,1,0.502498,1,0.518401,1,0.522390,1
2025-04-14,1,0.532943,1,0.327736,0,0.479974,0,0.520794,1,0.513771,1,0.511291,1,0.510064,1,0.516179,1,0.520205,1,0.504309,1,0.505201,1,0.503493,1,0.502826,1,0.503001,1,0.502396,1,0.504262,1,0.503641,1,0.505755,1,0.515764,1,0.502652,1,0.502403,1,0.505182,1,0.509199,1
2025-04-15,0,0.532943,1,0.402065,0,0.490432,0,0.534217,1,0.515627,1,0.515704,1,0.522240,1,0.527662,1,0.533133,1,0.512112,1,0.503785,1,0.510625,1,0.503490,1,0.503521,1,0.502745,1,0.506292,1,0.506292,1,0.506488,1,0.536827,1,0.502630,1,0.502414,1,0.520714,1,0.553405,1
2025-04-16,0,0.532943,1,0.225481,0,0.399798,0,0.534561,1,0.515939,1,0.512200,1,0.521005,1,0.525162,1,0.523911,1,0.507362,1,0.508604,1,0.508007,1,0.501776,1,0.501917,1,0.502048,1,0.502301,1,0.503338,1,0.504671,1,0.518134,1,0.502567,1,0.502387,1,0.512340,1,0.538107,1
2025-04-17,0,0.532943,1,0.387200,0,0.351971,0,0.526944,1,0.513430,1,0.512562,1,0.511412,1,0.527967,1,0.520367,1,0.503341,1,0.509112,1,0.504583,1,0.501178,1,0.500953,1,0.500892,1,0.501388,1,0.501017,1,0.501985,1,0.517568,1,0.502610,1,0.502412,1,0.513077,1,0.540406,1
2025-04-21,0,0.532943,1,0.350739,0,0.430482,0,0.527981,1,0.513107,1,0.512755,1,0.522360,1,0.541448,1,0.524108,1,0.511700,1,0.508585,1,0.512132,1,0.502131,1,0.501846,1,0.501945,1,0.502805,1,0.504996,1,0.505078,1,0.521814,1,0.502593,1,0.502440,1,0.522132,1,0.558121,1
2025-04-22,1,0.532943,1,0.390710,0,0.349410,0,0.519634,1,0.511752,1,0.509435,1,0.519676,1,0.543929,1,0.522330,1,0.506748,1,0.508939,1,0.507949,1,0.501432,1,0.501278,1,0.501645,1,0.501668,1,0.502629,1,0.504057,1,0.511431,1,0.502622,1,0.502433,1,0.517105,1,0.548177,1
2025-04-23,1,0.532943,1,0.427797,0,0.398201,0,0.529533,1,0.515900,1,0.513931,1,0.529469,1,0.551830,1,0.535843,1,0.502326,1,0.509193,1,0.503997,1,0.502144,1,0.502636,1,0.501998,1,0.504268,1,0.504152,1,0.504911,1,0.505530,1,0.502658,1,0.502445,1,0.512238,1,0.562836,1
2025-04-24,1,0.532943,1,0.446188,0,0.416959,0,0.534615,1,0.508463,1,0.516585,1,0.528673,1,0.531419,1,0.539847,1,0.504485,1,0.505246,1,0.509783,1,0.502840,1,0.503327,1,0.502426,1,0.506608,1,0.505840,1,0.505589,1,0.525662,1,0.502654,1,0.502449,1,0.514969,1,0.578627,1
2025-04-25,1,0.532943,1,0.269232,0,0.526179,1,0.522609,1,0.508238,1,0.511853,1,0.517297,1,0.524451,1,0.524882,1,0.496597,0,0.504543,1,0.504097,1,0.501022,1,0.501398,1,0.501166,1,0.501901,1,0.502099,1,0.503148,1,0.482165,0,0.502618,1,0.502446,1,0.496112,0,0.540672,1
2025-04-28,0,0.532943,1,0.290166,0,0.453721,0,0.526249,1,0.508723,1,0.512591,1,0.523710,1,0.519739,1,0.532071,1,0.504080,1,0.502146,1,0.508880,1,0.502467,1,0.503416,1,0.502415,1,0.505450,1,0.506206,1,0.505716,1,0.517684,1,0.502615,1,0.502446,1,0.512219,1,0.559163,1
2025-04-29,0,0.532943,1,0.305324,0,0.534611,1,0.534510,1,0.517332,1,0.516024,1,0.529764,1,0.541162,1,0.533015,1,0.510472,1,0.509043,1,0.509785,1,0.503604,1,0.502890,1,0.502809,1,0.506220,1,0.505567,1,0.506535,1,0.534856,1,0.502571,1,0.502407,1,0.520376,1,0.572175,1
2025-04-30,0,0.532943,1,0.345218,0,0.584847,1,0.535581,1,0.513631,1,0.516634,1,0.529152,1,0.538257,1,0.531393,1,0.510993,1,0.509708,1,0.510523,1,0.503487,1,0.502467,1,0.502352,1,0.505366,1,0.504542,1,0.505787,1,0.529947,1,0.502590,1,0.502362,1,0.525167,1,0.572045,1
2025-05-01,1,0.532943,1,0.342355,0,0.551420,1,0.529535,1,0.508066,1,0.511932,1,0.525032,1,0.522226,1,0.523788,1,0.503997,1,0.508810,1,0.508647,1,0.501905,1,0.500950,1,0.501270,1,0.502150,1,0.501291,1,0.503216,1,0.512176,1,0.502669,1,0.502401,1,0.517335,1,0.560018,1
2025-05-02,1,0.532943,1,0.468805,0,0.436767,0,0.535597,1,0.506210,1,0.515004,1,0.528773,1,0.508035,1,0.532665,1,0.505860,1,0.505129,1,0.511712,1,0.502696,1,0.502529,1,0.502090,1,0.505240,1,0.503317,1,0.505258,1,0.528056,1,0.502650,1,0.502401,1,0.523624,1,0.573175,1
2025-05-05,1,0.532943,1,0.443443,0,0.530668,1,0.538653,1,0.507351,1,0.517368,1,0.531598,1,0.503565,1,0.539923,1,0.509752,1,0.504200,1,0.512668,1,0.503472,1,0.503301,1,0.502655,1,0.506986,1,0.504351,1,0.506528,1,0.535587,1,0.502635,1,0.502397,1,0.527584,1,0.575361,1
2025-05-06,0,0.532943,1,0.281424,0,0.438455,0,0.532222,1,0.506535,1,0.513601,1,0.524000,1,0.498166,0,0.532237,1,0.499337,0,0.503811,1,0.504488,1,0.501387,1,0.501735,1,0.501470,1,0.502417,1,0.500810,1,0.503650,1,0.501677,1,0.502463,1,0.502398,1,0.508151,1,0.544874,1
2025-05-07,0,0.532943,1,0.219654,0,0.416376,0,0.528000,1,0.513983,1,0.513008,1,0.515421,1,0.530974,1,0.522290,1,0.506957,1,0.500762,1,0.505952,1,0.502254,1,0.502114,1,0.501837,1,0.503396,1,0.502421,1,0.504418,1,0.527013,1,0.502538,1,0.502431,1,0.517650,1,0.532420,1
2025-05-08,1,0.532943,1,0.053137,0,0.275439,0,0.512012,1,0.504530,1,0.505125,1,0.514298,1,0.519455,1,0.512793,1,0.498781,0,0.503588,1,0.502654,1,0.497143,0,0.498664,0,0.500108,1,0.494539,0,0.501397,1,0.497231,0,0.490058,0,0.502540,1,0.502551,1,0.494383,0,0.516677,1
2025-05-09,0,0.532943,1,0.498431,0,0.621270,1,0.529476,1,0.513104,1,0.517747,1,0.530044,1,0.535892,1,0.532111,1,0.511835,1,0.507287,1,0.508298,1,0.504670,1,0.504539,1,0.503618,1,0.510534,1,0.508353,1,0.508555,1,0.540878,1,0.502797,1,0.502591,1,0.529742,1,0.574595,1
2025-05-12,1,0.532943,1,0.385501,0,0.800789,1,0.529742,1,0.518244,1,0.516503,1,0.526948,1,0.544051,1,0.537375,1,0.512353,1,0.509585,1,0.507274,1,0.502630,1,0.502718,1,0.502529,1,0.505331,1,0.504781,1,0.505936,1,0.531280,1,0.502719,1,0.502659,1,0.515562,1,0.571642,1
2025-05-13,1,0.532943,1,0.409252,0,0.745157,1,0.533254,1,0.513769,1,0.517661,1,0.531327,1,0.544478,1,0.539194,1,0.501591,1,0.505473,1,0.505726,1,0.502512,1,0.503147,1,0.502181,1,0.505891,1,0.506251,1,0.505651,1,0.513920,1,0.502823,1,0.502665,1,0.515571,1,0.578938,1
2025-05-14,1,0.532943,1,0.478198,0,0.805347,1,0.538328,1,0.514620,1,0.517706,1,0.530755,1,0.542499,1,0.537335,1,0.508425,1,0.507018,1,0.510779,1,0.503722,1,0.502846,1,0.502430,1,0.506653,1,0.505111,1,0.506114,1,0.532640,1,0.502815,1,0.502609,1,0.520885,1,0.582325,1
2025-05-15,0,0.532943,1,0.283834,0,0.417857,0,0.528135,1,0.511393,1,0.514859,1,0.517751,1,0.523056,1,0.528647,1,0.499361,0,0.504113,1,0.503711,1,0.501853,1,0.502061,1,0.501620,1,0.503979,1,0.502522,1,0.503773,1,0.502945,1,0.502782,1,0.502535,1,0.498833,0,0.548493,1
2025-05-16,1,0.532943,1,0.243168,0,0.490866,0,0.538899,1,0.517358,1,0.513183,1,0.526706,1,0.540414,1,0.524339,1,0.511602,1,0.502908,1,0.510005,1,0.502875,1,0.502503,1,0.502428,1,0.504161,1,0.504736,1,0.505793,1,0.532226,1,0.502786,1,0.502547,1,0.523917,1,0.554709,1
2025-05-19,1,0.532943,1,0.199249,0,0.416274,0,0.531497,1,0.516869,1,0.514180,1,0.523496,1,0.545746,1,0.534464,1,0.498248,0,0.505994,1,0.502716,1,0.501172,1,0.502181,1,0.501610,1,0.502868,1,0.504956,1,0.503201,1,0.505303,1,0.502776,1,0.502492,1,0.509603,1,0.561387,1
2025-05-20,0,0.532943,1,0.224428,0,0.365322,0,0.521513,1,0.513920,1,0.511631,1,0.516186,1,0.529207,1,0.524281,1,0.506496,1,0.508963,1,0.507428,1,0.502515,1,0.502361,1,0.502162,1,0.503528,1,0.503196,1,0.505314,1,0.513839,1,0.502747,1,0.502504,1,0.514577,1,0.526651,1
2025-05-21,1,0.532943,1,0.171381,0,0.358976,0,0.528072,1,0.509762,1,0.510965,1,0.517225,1,0.527535,1,0.524681,1,0.498934,0,0.503987,1,0.502305,1,0.500389,1,0.500921,1,0.500998,1,0.499952,0,0.502091,1,0.501678,1,0.504933,1,0.502777,1,0.502532,1,0.503834,1,0.546219,1
2025-05-22,1,0.532943,1,0.283183,0,0.615009,1,0.523581,1,0.513386,1,0.513763,1,0.511848,1,0.529107,1,0.525504,1,0.500455,1,0.510067,1,0.502601,1,0.501299,1,0.501767,1,0.501421,1,0.504034,1,0.502212,1,0.501964,1,0.510869,1,0.502809,1,0.502567,1,0.505291,1,0.545472,1
2025-05-23,0,0.532943,1,0.289320,0,0.559778,1,0.524903,1,0.512177,1,0.514270,1,0.514404,1,0.525915,1,0.528975,1,0.509225,1,0.506713,1,0.507160,1,0.501997,1,0.503092,1,0.502362,1,0.506206,1,0.505843,1,0.503417,1,0.524101,1,0.502908,1,0.502636,1,0.512340,1,0.551127,1
2025-05-27,1,0.532943,1,0.243232,0,0.524022,1,0.521971,1,0.511481,1,0.512393,1,0.510401,1,0.518712,1,0.520658,1,0.509729,1,0.504465,1,0.507023,1,0.502334,1,0.502366,1,0.502280,1,0.503961,1,0.503144,1,0.505712,1,0.520466,1,0.502859,1,0.502638,1,0.507999,1,0.533762,1
2025-05-28,0,0.532943,1,0.226469,0,0.578234,1,0.515970,1,0.513134,1,0.511716,1,0.510800,1,0.518597,1,0.524685,1,0.502473,1,0.505252,1,0.503344,1,0.502121,1,0.502655,1,0.502004,1,0.503310,1,0.504108,1,0.505261,1,0.501460,1,0.502847,1,0.502568,1,0.498914,0,0.521680,1
2025-05-29,0,0.532943,1,0.230759,0,0.530368,1,0.522442,1,0.514107,1,0.512103,1,0.511043,1,0.520735,1,0.524141,1,0.501783,1,0.507609,1,0.505853,1,0.501335,1,0.501907,1,0.501527,1,0.502217,1,0.502962,1,0.503028,1,0.518760,1,0.502851,1,0.502591,1,0.517892,1,0.531026,1
2025-05-30,0,0.532943,1,0.277897,0,0.558145,1,0.525830,1,0.515545,1,0.512813,1,0.520896,1,0.533854,1,0.529734,1,0.511096,1,0.508935,1,0.509503,1,0.502609,1,0.502652,1,0.502403,1,0.503934,1,0.504849,1,0.505934,1,0.528876,1,0.502827,1,0.502555,1,0.522411,1,0.541665,1
2025-06-02,0,0.532943,1,0.304738,0,0.506932,1,0.531768,1,0.511545,1,0.512328,1,0.526094,1,0.546733,1,0.524619,1,0.504768,1,0.507212,1,0.507293,1,0.502271,1,0.501065,1,0.501433,1,0.502097,1,0.503723,1,0.503559,1,0.512723,1,0.502856,1,0.502473,1,0.516296,1,0.553410,1
2025-06-03,0,0.532943,1,0.349716,0,0.480444,0,0.522043,1,0.511922,1,0.508695,1,0.515436,1,0.530310,1,0.518053,1,0.503065,1,0.503799,1,0.506669,1,0.501364,1,0.501435,1,0.501436,1,0.501618,1,0.500721,1,0.503693,1,0.503730,1,0.502884,1,0.502471,1,0.509514,1,0.525605,1
2025-06-04,1,0.532943,1,0.362375,0,0.409792,0,0.520456,1,0.508496,1,0.509034,1,0.514277,1,0.518032,1,0.519739,1,0.502210,1,0.503511,1,0.503061,1,0.501054,1,0.501271,1,0.501399,1,0.500816,1,0.501277,1,0.503281,1,0.510625,1,0.502876,1,0.502381,1,0.511641,1,0.527109,1
2025-06-05,1,0.532943,1,0.440751,0,0.582969,1,0.521152,1,0.509369,1,0.511884,1,0.520846,1,0.508271,1,0.530394,1,0.510084,1,0.496143,0,0.507127,1,0.502571,1,0.502669,1,0.502320,1,0.503961,1,0.502903,1,0.505647,1,0.521937,1,0.502789,1,0.502407,1,0.525650,1,0.535238,1
2025-06-06,1,0.532943,1,0.513133,1,0.586335,1,0.521755,1,0.512447,1,0.511224,1,0.521754,1,0.535693,1,0.531640,1,0.498494,0,0.505612,1,0.504208,1,0.501014,1,0.501911,1,0.501583,1,0.501744,1,0.504163,1,0.503512,1,0.494501,0,0.502708,1,0.502389,1,0.510232,1,0.539234,1
2025-06-09,1,0.532943,1,0.596483,1,0.413840,0,0.521317,1,0.516000,1,0.512689,1,0.516769,1,0.538436,1,0.532055,1,0.503349,1,0.508717,1,0.505711,1,0.502477,1,0.503162,1,0.502345,1,0.505001,1,0.505243,1,0.505392,1,0.513274,1,0.502731,1,0.502433,1,0.517618,1,0.536975,1
2025-06-10,1,0.532943,1,0.579480,1,0.469363,0,0.515018,1,0.512326,1,0.509757,1,0.509666,1,0.526475,1,0.520633,1,0.503829,1,0.505609,1,0.506186,1,0.502259,1,0.502599,1,0.502102,1,0.503371,1,0.504140,1,0.505080,1,0.507993,1,0.502704,1,0.502441,1,0.515789,1,0.510686,1
2025-06-11,0,0.532943,1,0.505978,1,0.439211,0,0.522809,1,0.514240,1,0.511730,1,0.511877,1,0.534266,1,0.521640,1,0.496800,0,0.506732,1,0.503394,1,0.501223,1,0.501233,1,0.501123,1,0.501734,1,0.502599,1,0.502069,1,0.503030,1,0.502713,1,0.502479,1,0.509710,1,0.530436,1
2025-06-12,0,0.532943,1,0.577859,1,0.460549,0,0.527211,1,0.515211,1,0.512379,1,0.519448,1,0.526195,1,0.524285,1,0.512523,1,0.507369,1,0.510800,1,0.503039,1,0.503001,1,0.502864,1,0.505023,1,0.505258,1,0.506424,1,0.528837,1,0.502687,1,0.502489,1,0.517930,1,0.531650,1
2025-06-13,0,0.532943,1,0.569239,1,0.388040,0,0.521538,1,0.513938,1,0.510390,1,0.514082,1,0.532269,1,0.519728,1,0.503117,1,0.506678,1,0.504303,1,0.501487,1,0.501633,1,0.501637,1,0.501602,1,0.502231,1,0.503842,1,0.509073,1,0.502740,1,0.502468,1,0.519923,1,0.521469,1
2025-06-16,1,0.532943,1,0.590065,1,0.315391,0,0.517048,1,0.509881,1,0.510673,1,0.503141,1,0.515832,1,0.515394,1,0.498309,0,0.503713,1,0.501938,1,0.500298,1,0.500812,1,0.500543,1,0.500050,1,0.499401,0,0.501292,1,0.491970,0,0.502707,1,0.502469,1,0.500312,1,0.510691,1
2025-06-17,0,0.532943,1,0.594470,1,0.326319,0,0.510320,1,0.511708,1,0.509397,1,0.504985,1,0.518384,1,0.517433,1,0.505073,1,0.506634,1,0.505463,1,0.501857,1,0.502238,1,0.501854,1,0.502329,1,0.502556,1,0.504723,1,0.497206,0,0.502646,1,0.502462,1,0.503051,1,0.495586,0
2025-06-18,0,0.532943,1,0.660977,1,0.589532,1,0.519084,1,0.506187,1,0.510518,1,0.510021,1,0.493229,0,0.518914,1,0.505531,1,0.502131,1,0.505710,1,0.501748,1,0.501725,1,0.501608,1,0.502052,1,0.501234,1,0.503765,1,0.524387,1,0.502610,1,0.502457,1,0.522779,1,0.513452,1
2025-06-20,0,0.532943,1,0.509861,1,0.614362,1,0.513740,1,0.503646,1,0.507037,1,0.511774,1,0.494787,0,0.516877,1,0.498861,0,0.503018,1,0.504580,1,0.499759,0,0.500358,1,0.500863,1,0.498779,0,0.500172,1,0.501558,1,0.479762,0,0.502534,1,0.502466,1,0.499461,0,0.514596,1
2025-06-23,0,0.532943,1,0.504345,1,0.356658,0,0.511867,1,0.502669,1,0.506498,1,0.513038,1,0.504393,1,0.514605,1,0.502076,1,0.503555,1,0.504680,1,0.499539,0,0.500410,1,0.501208,1,0.498963,0,0.501330,1,0.501892,1,0.494446,0,0.502581,1,0.502585,1,0.495251,0,0.527600,1
2025-06-24,1,0.532943,1,0.718282,1,0.671529,1,0.526150,1,0.511984,1,0.514318,1,0.521594,1,0.541358,1,0.526043,1,0.510977,1,0.511087,1,0.509768,1,0.503321,1,0.502561,1,0.502508,1,0.505687,1,0.505517,1,0.506064,1,0.533497,1,0.502578,1,0.502623,1,0.523052,1,0.565435,1
2025-06-25,1,0.532943,1,0.761841,1,0.846642,1,0.537410,1,0.519148,1,0.518857,1,0.530663,1,0.552160,1,0.542162,1,0.512851,1,0.513940,1,0.509989,1,0.502948,1,0.503221,1,0.502589,1,0.506681,1,0.506015,1,0.506016,1,0.540387,1,0.502570,1,0.502627,1,0.526314,1,0.590038,1
2025-06-26,1,0.532943,1,0.725555,1,0.634488,1,0.533454,1,0.515507,1,0.517543,1,0.525216,1,0.539031,1,0.543022,1,0.503975,1,0.508290,1,0.506239,1,0.502308,1,0.502816,1,0.502127,1,0.505401,1,0.503940,1,0.504817,1,0.521430,1,0.502597,1,0.502624,1,0.515021,1,0.575985,1
2025-06-27,1,0.532943,1,0.677854,1,0.642641,1,0.537109,1,0.519178,1,0.516115,1,0.529860,1,0.550676,1,0.535975,1,0.505444,1,0.505486,1,0.509751,1,0.503319,1,0.502625,1,0.502172,1,0.505038,1,0.505534,1,0.505959,1,0.521576,1,0.502596,1,0.502583,1,0.517219,1,0.577861,1
2025-06-30,0,0.532943,1,0.482376,0,0.454556,0,0.523578,1,0.513393,1,0.511307,1,0.516575,1,0.536413,1,0.518714,1,0.496700,0,0.502411,1,0.503418,1,0.500699,1,0.500221,1,0.500774,1,0.500912,1,0.502218,1,0.501512,1,0.487361,0,0.502603,1,0.502542,1,0.500321,1,0.538899,1
2025-07-01,0,0.532943,1,0.555818,1,0.600150,1,0.536092,1,0.516319,1,0.514865,1,0.529304,1,0.547936,1,0.529701,1,0.512345,1,0.509166,1,0.512448,1,0.503742,1,0.503417,1,0.503071,1,0.506774,1,0.507153,1,0.507074,1,0.536708,1,0.502585,1,0.502531,1,0.525276,1,0.574576,1
2025-07-02,1,0.532943,1,0.563773,1,0.434818,0,0.536640,1,0.519613,1,0.515977,1,0.528815,1,0.550152,1,0.530440,1,0.510733,1,0.510561,1,0.509092,1,0.503629,1,0.502755,1,0.502646,1,0.505727,1,0.505093,1,0.506181,1,0.532145,1,0.502608,1,0.502465,1,0.524173,1,0.573139,1
2025-07-03,1,0.532943,1,0.518330,1,0.362088,0,0.527415,1,0.519834,1,0.513587,1,0.522530,1,0.544232,1,0.529369,1,0.505772,1,0.510835,1,0.506514,1,0.502528,1,0.502554,1,0.502100,1,0.503781,1,0.503974,1,0.505142,1,0.512726,1,0.502652,1,0.502458,1,0.519408,1,0.542219,1
2025-07-07,0,0.532943,1,0.522130,1,0.488346,0,0.529862,1,0.517515,1,0.512860,1,0.523284,1,0.536111,1,0.525214,1,0.509821,1,0.506462,1,0.509266,1,0.503250,1,0.502718,1,0.502463,1,0.504471,1,0.504586,1,0.505824,1,0.531685,1,0.502615,1,0.502452,1,0.526976,1,0.541431,1
2025-07-08,0,0.532943,1,0.428290,0,0.417039,0,0.518584,1,0.514500,1,0.507645,1,0.516943,1,0.532845,1,0.518300,1,0.496718,0,0.504947,1,0.503634,1,0.499948,0,0.500661,1,0.500995,1,0.499106,0,0.501827,1,0.501902,1,0.478499,0,0.502573,1,0.502494,1,0.503830,1,0.524937,1
2025-07-09,1,0.532943,1,0.467921,0,0.411540,0,0.518569,1,0.513417,1,0.509121,1,0.519146,1,0.533372,1,0.522054,1,0.505926,1,0.507691,1,0.506119,1,0.501195,1,0.501637,1,0.501794,1,0.501574,1,0.503659,1,0.504031,1,0.506749,1,0.502628,1,0.502529,1,0.518813,1,0.540448,1
2025-07-10,1,0.532943,1,0.543673,1,0.473403,0,0.536492,1,0.515767,1,0.516178,1,0.526949,1,0.540974,1,0.532322,1,0.504398,1,0.509692,1,0.506795,1,0.502524,1,0.502128,1,0.501831,1,0.505011,1,0.504219,1,0.504156,1,0.523768,1,0.502631,1,0.502515,1,0.519350,1,0.580954,1
2025-07-11,1,0.532943,1,0.512187,1,0.488224,0,0.537797,1,0.517323,1,0.515455,1,0.528656,1,0.548412,1,0.535541,1,0.508078,1,0.509843,1,0.510429,1,0.502461,1,0.502284,1,0.501940,1,0.504292,1,0.503469,1,0.504923,1,0.526632,1,0.502666,1,0.502605,1,0.523410,1,0.578449,1
2025-07-14,1,0.532943,1,0.472103,0,0.551483,1,0.525886,1,0.514369,1,0.513309,1,0.517625,1,0.535548,1,0.528037,1,0.499236,0,0.507386,1,0.503534,1,0.501839,1,0.502032,1,0.501596,1,0.503017,1,0.502407,1,0.503997,1,0.508210,1,0.502577,1,0.502560,1,0.503319,1,0.546779,1
2025-07-15,1,0.532943,1,0.494586,0,0.444718,0,0.532913,1,0.512795,1,0.514926,1,0.522583,1,0.524879,1,0.531797,1,0.509443,1,0.508514,1,0.510655,1,0.502762,1,0.502638,1,0.502167,1,0.504754,1,0.504235,1,0.505126,1,0.536407,1,0.502513,1,0.502525,1,0.523882,1,0.562507,1
2025-07-16,1,0.532943,1,0.385388,0,0.397390,0,0.531563,1,0.515679,1,0.513520,1,0.523953,1,0.542477,1,0.533464,1,0.503444,1,0.510141,1,0.507744,1,0.501580,1,0.502045,1,0.501685,1,0.502698,1,0.503876,1,0.503910,1,0.518644,1,0.502545,1,0.502510,1,0.516956,1,0.565544,1
2025-07-17,1,0.532943,1,0.412918,0,0.384791,0,0.530101,1,0.511132,1,0.513733,1,0.526644,1,0.528931,1,0.536401,1,0.509911,1,0.509680,1,0.508840,1,0.502230,1,0.502509,1,0.502121,1,0.503890,1,0.504024,1,0.505077,1,0.532779,1,0.502558,1,0.502496,1,0.521117,1,0.567512,1
2025-07-18,1,0.532943,1,0.386843,0,0.443817,0,0.530050,1,0.508222,1,0.512819,1,0.525984,1,0.524127,1,0.529860,1,0.505503,1,0.503512,1,0.507506,1,0.502251,1,0.501825,1,0.501711,1,0.502884,1,0.502651,1,0.504438,1,0.517531,1,0.502532,1,0.502443,1,0.522648,1,0.559215,1
2025-07-21,1,0.532943,1,0.425343,0,0.587624,1,0.532070,1,0.511285,1,0.513538,1,0.529609,1,0.527924,1,0.534905,1,0.508597,1,0.500355,1,0.510706,1,0.502425,1,0.502579,1,0.502145,1,0.504017,1,0.504348,1,0.505243,1,0.528629,1,0.502491,1,0.502448,1,0.525172,1,0.568203,1
2025-07-22,1,0.532943,1,0.397261,0,0.354871,0,0.515451,1,0.513114,1,0.510218,1,0.512448,1,0.527317,1,0.521444,1,0.497920,0,0.504931,1,0.503190,1,0.501598,1,0.502151,1,0.501615,1,0.502402,1,0.503387,1,0.504143,1,0.489260,0,0.502506,1,0.502451,1,0.497293,0,0.520388,1
2025-07-23,0,0.532943,1,0.514988,1,0.541908,1,0.536481,1,0.516228,1,0.513364,1,0.526355,1,0.544850,1,0.525839,1,0.506841,1,0.508191,1,0.509012,1,0.503365,1,0.502420,1,0.502169,1,0.504434,1,0.505709,1,0.505411,1,0.526197,1,0.502451,1,0.502412,1,0.523677,1,0.557007,1
2025-07-24,1,0.532943,1,0.484727,0,0.358110,0,0.534179,1,0.515275,1,0.511527,1,0.525406,1,0.540689,1,0.526283,1,0.500787,1,0.507465,1,0.507597,1,0.501307,1,0.501499,1,0.501402,1,0.501942,1,0.503478,1,0.503266,1,0.508778,1,0.502455,1,0.502410,1,0.514334,1,0.558021,1
2025-07-25,1,0.532943,1,0.521665,1,0.531359,1,0.528601,1,0.514253,1,0.513218,1,0.526424,1,0.540758,1,0.531592,1,0.504790,1,0.507756,1,0.508271,1,0.502027,1,0.502981,1,0.502173,1,0.504521,1,0.507239,1,0.505230,1,0.514087,1,0.502534,1,0.502478,1,0.512932,1,0.565356,1
2025-07-28,0,0.532943,1,0.552703,1,0.580304,1,0.535510,1,0.518277,1,0.516710,1,0.531869,1,0.543821,1,0.542148,1,0.507193,1,0.508187,1,0.508101,1,0.502751,1,0.502669,1,0.502294,1,0.505358,1,0.504551,1,0.505399,1,0.535651,1,0.502530,1,0.502449,1,0.524283,1,0.581134,1
2025-07-29,1,0.532943,1,0.582670,1,0.608771,1,0.535765,1,0.516858,1,0.515066,1,0.531845,1,0.539367,1,0.536039,1,0.512007,1,0.507474,1,0.509154,1,0.502534,1,0.502394,1,0.502192,1,0.503935,1,0.504694,1,0.505344,1,0.530228,1,0.502568,1,0.502499,1,0.525918,1,0.576087,1
2025-07-30,1,0.532943,1,0.520110,1,0.537495,1,0.518516,1,0.517971,1,0.511435,1,0.517777,1,0.538179,1,0.525506,1,0.497154,0,0.506686,1,0.502946,1,0.501205,1,0.501665,1,0.501339,1,0.501592,1,0.502992,1,0.503458,1,0.483009,0,0.502545,1,0.502450,1,0.498268,0,0.535735,1
2025-07-31,0,0.532943,1,0.621192,1,0.628660,1,0.524205,1,0.519579,1,0.512530,1,0.517733,1,0.540850,1,0.526406,1,0.509546,1,0.508319,1,0.508236,1,0.502774,1,0.502768,1,0.502373,1,0.504394,1,0.504736,1,0.505446,1,0.534309,1,0.502477,1,0.502421,1,0.527393,1,0.534601,1
2025-08-01,0,0.532943,1,0.498761,0,0.501537,1,0.510239,1,0.513088,1,0.505950,1,0.509780,1,0.530393,1,0.515230,1,0.499377,0,0.505716,1,0.503332,1,0.499989,0,0.500781,1,0.501184,1,0.499015,0,0.501689,1,0.502302,1,0.484131,0,0.502493,1,0.502452,1,0.498086,0,0.516290,1
2025-08-04,1,0.532943,1,0.633850,1,0.591104,1,0.520138,1,0.510510,1,0.510199,1,0.508161,1,0.525053,1,0.519293,1,0.506500,1,0.505638,1,0.505342,1,0.501618,1,0.501588,1,0.501579,1,0.502080,1,0.501638,1,0.503644,1,0.519849,1,0.502460,1,0.502380,1,0.514466,1,0.528637,1
2025-08-05,0,0.532943,1,0.520171,1,0.440621,0,0.514747,1,0.514689,1,0.511212,1,0.511364,1,0.529462,1,0.522744,1,0.502267,1,0.503640,1,0.503425,1,0.501904,1,0.502304,1,0.501776,1,0.502865,1,0.503088,1,0.504494,1,0.495319,0,0.502482,1,0.502434,1,0.500632,1,0.521846,1
2025-08-06,1,0.532943,1,0.622245,1,0.511013,1,0.527444,1,0.514777,1,0.513856,1,0.515560,1,0.523492,1,0.528370,1,0.508106,1,0.509782,1,0.506470,1,0.502105,1,0.502416,1,0.501979,1,0.504029,1,0.503519,1,0.503934,1,0.530742,1,0.502450,1,0.502417,1,0.520177,1,0.547167,1
2025-08-07,1,0.532943,1,0.537343,1,0.547185,1,0.520911,1,0.517673,1,0.512219,1,0.514467,1,0.533325,1,0.525309,1,0.508757,1,0.510173,1,0.507677,1,0.502414,1,0.502409,1,0.502054,1,0.503354,1,0.503592,1,0.505182,1,0.521272,1,0.502447,1,0.502462,1,0.518954,1,0.525592,1
2025-08-08,1,0.532943,1,0.554420,1,0.521504,1,0.531288,1,0.517124,1,0.513043,1,0.526525,1,0.536402,1,0.528514,1,0.509839,1,0.508854,1,0.509084,1,0.502647,1,0.502306,1,0.502075,1,0.503473,1,0.504305,1,0.505181,1,0.528698,1,0.502453,1,0.502449,1,0.522519,1,0.550645,1
