model,validation_correct_days,validation_days,validation_accuracy,validation_brier,test_correct_days,test_days,test_accuracy,test_balanced_accuracy,test_brier,test_predicted_up_rate,test_actual_up_rate,best_epoch,epochs_run,seconds
attention-is-all-you-need,65,100,0.650000,0.228764,52,100,0.520000,0.517807,0.251985,0.610000,0.510000,12,17,0.542352
dilated-cnn-seq2seq,63,100,0.630000,0.243650,52,100,0.520000,0.512605,0.253548,0.870000,0.510000,20,20,0.333553
lstm-seq2seq,62,100,0.620000,0.234623,54,100,0.540000,0.536214,0.252563,0.690000,0.510000,13,18,0.408732
bidirectional-gru,61,100,0.610000,0.236683,49,100,0.490000,0.488395,0.264491,0.580000,0.510000,11,16,0.374008
gru,61,100,0.610000,0.238120,54,100,0.540000,0.537815,0.256456,0.610000,0.510000,13,18,0.378626
bidirectional-lstm-seq2seq,60,100,0.600000,0.232458,56,100,0.560000,0.553822,0.255347,0.810000,0.510000,13,18,0.467304
lstm-2path,60,100,0.600000,0.234486,53,100,0.530000,0.526811,0.257244,0.660000,0.510000,13,18,0.485566
lstm,60,100,0.600000,0.237149,51,100,0.510000,0.508003,0.258707,0.600000,0.510000,13,18,0.441285
vanilla,60,100,0.600000,0.242749,50,100,0.500000,0.497399,0.253911,0.630000,0.510000,8,13,0.256171
cnn-seq2seq,60,100,0.600000,0.244337,51,100,0.510000,0.500000,0.251714,1.000000,0.510000,13,18,0.393302
vanilla-2path,60,100,0.600000,0.244684,51,100,0.510000,0.500000,0.250349,1.000000,0.510000,3,8,0.201791
train-majority,60,100,0.600000,0.246172,51,100,0.510000,0.500000,0.250031,1.000000,0.510000,0,0,0.000000
gru-2path,59,100,0.590000,0.237075,53,100,0.530000,0.527611,0.257252,0.620000,0.510000,13,18,0.482005
bidirectional-gru-seq2seq,59,100,0.590000,0.237183,52,100,0.520000,0.517407,0.258554,0.630000,0.510000,11,16,0.405382
lstm-seq2seq-vae,59,100,0.590000,0.239071,51,100,0.510000,0.504402,0.250752,0.780000,0.510000,16,20,0.618417
bidirectional-vanilla,59,100,0.590000,0.245203,51,100,0.510000,0.501200,0.250611,0.940000,0.510000,3,8,0.162875
bidirectional-lstm,58,100,0.580000,0.234995,50,100,0.500000,0.498199,0.258208,0.590000,0.510000,11,16,0.391452
gru-seq2seq,58,100,0.580000,0.236919,53,100,0.530000,0.527211,0.255196,0.640000,0.510000,13,18,0.381541
gru-attention,57,100,0.570000,0.238317,55,100,0.550000,0.546819,0.252894,0.660000,0.510000,13,18,0.429612
gru-seq2seq-vae,56,100,0.560000,0.238978,55,100,0.550000,0.546419,0.250654,0.680000,0.510000,15,20,0.569848
tcn-residual,55,100,0.550000,0.243303,49,100,0.490000,0.484394,0.252050,0.780000,0.510000,3,8,0.298459
logit-window,55,100,0.550000,0.258128,52,100,0.520000,0.519008,0.264577,0.550000,0.510000,0,0,0.009799
gbdt-window,55,100,0.550000,0.258527,50,100,0.500000,0.499000,0.257506,0.550000,0.510000,0,0,0.041065
