model,true_non_up,false_up,missed_up,true_up,actual_up_days,predicted_up_days,up_recall,non_up_recall
train-majority,0,57,0,43,43,100,1.000000,0.000000
dlinear-direction,27,30,19,24,43,54,0.558140,0.473684
tsmixer-direction,28,29,16,27,43,56,0.627907,0.491228
patchtst-direction,2,55,0,43,43,98,1.000000,0.035088
itransformer-direction,22,35,13,30,43,65,0.697674,0.385965
nhits-direction,24,33,16,27,43,60,0.627907,0.421053
tide-direction,28,29,19,24,43,53,0.558140,0.491228
timesnet-direction,2,55,1,42,43,97,0.976744,0.035088
mamba-style-direction,17,40,20,23,43,63,0.534884,0.298246
